Workbook

Sheet Monitoring
A1: WO | B1: EXT | C1: DESCRIPTION | D1: LOCATION | E1: TOTAL PLANNED PROJECT COST | F1: TOTAL MANHOURS | G1: SUPV | H1: SUPV NAME | I1: VENDOR | J1: Date IR created | K1: Date IR given to QI | L1: QI | M1: PERSONNEL (CSB/NVP) | N1: YEAR FCOMP | O1: Date received from QI (Done Audit) | P1: DONE AUDIT? | Q1: Date created COI | R1: STATUS | S1: TASK COUNT | T1: DATE OF COC
A2: X23072784795 | B2: 'X23072784795', | C2: =IFERROR(VLOOKUP(A2,[1]C1!$E:$F,2,FALSE),IFERROR(VLOOKUP(A2,[2]C1!$E:$F,2,FALSE),VLOOKUP(A2,[3]C1!$E:$F,2,FALSE))) -> DISEGNO DI MILANO INC. DOING BUSINESS UNDER THE NA | D2: =IFERROR(VLOOKUP(A2,[3]C1!$E:$G,3,FALSE),IFERROR(VLOOKUP(A2,[2]C1!$E:$G,3,FALSE),VLOOKUP(A2,[1]C1!$E:$G,3,FALSE))) -> WEST SERVICE, CUPANG, MUNTINLUPA | E2: =IFERROR(VLOOKUP(A2,[4]C1!$E:$S,15,FALSE),IFERROR(VLOOKUP(A2,[5]C1!$E:$T,16,FALSE),VLOOKUP(A2,[6]C1!$E:$T,16,FALSE))) -> 178133.17 | F2: 70.78 | G2: =IFERROR(VLOOKUP(A2,[4]C1!$E:$N,10,FALSE),IFERROR(VLOOKUP(A2,[5]C1!$E:$N,10,FALSE),VLOOKUP(A2,[6]C1!$E:$N,10,FALSE))) -> RRG | H2: RONILO JR GANGE | I2: =IFERROR(VLOOKUP(A2,[4]C1!$E:$L,8,FALSE),IFERROR(VLOOKUP(A2,[5]C1!$E:$L,8,FALSE),VLOOKUP(A2,[6]C1!$E:$L,8,FALSE))) -> AVECO | L2: RAC | N2: =YEAR(IFERROR(VLOOKUP(A2,[4]C1!$E:$AA,23,FALSE),IFERROR(VLOOKUP(A2,[5]C1!$E:$AB,24,FALSE),VLOOKUP(A2,[6]C1!$E:$AB,23,FALSE)))) -> 2023 | O2: 45723 | P2: =IF(ISBLANK(O2),"NO","YES") -> YES | Q2: 45733 | R2: NO BACKJOB | S2: 2 | T2: =IFERROR(VLOOKUP(A2,[4]C1!$E:$BH,56,FALSE),IFERROR(VLOOKUP(A2,[5]C1!$E:$BI,57,FALSE),VLOOKUP(A2,[6]C1!$E:$BI,56,FALSE))) -> 45556
A3: X24062336064 | B3: 'X24062336064', | C3: =IFERROR(VLOOKUP(A3,[1]C1!$E:$F,2,FALSE),IFERROR(VLOOKUP(A3,[2]C1!$E:$F,2,FALSE),VLOOKUP(A3,[3]C1!$E:$F,2,FALSE))) -> DITO TELECOMMUNITY CORPORATION | D3: =IFERROR(VLOOKUP(A3,[3]C1!$E:$G,3,FALSE),IFERROR(VLOOKUP(A3,[2]C1!$E:$G,3,FALSE),VLOOKUP(A3,[1]C1!$E:$G,3,FALSE))) -> CERVANTES CPD, CERVANTES CPD, PARANAQUE | E3: =IFERROR(VLOOKUP(A3,[4]C1!$E:$S,15,FALSE),IFERROR(VLOOKUP(A3,[5]C1!$E:$T,16,FALSE),VLOOKUP(A3,[6]C1!$E:$T,16,FALSE))) -> 205000.15 | F3: 34.62 | G3: =IFERROR(VLOOKUP(A3,[4]C1!$E:$N,10,FALSE),IFERROR(VLOOKUP(A3,[5]C1!$E:$N,10,FALSE),VLOOKUP(A3,[6]C1!$E:$N,10,FALSE))) -> RRG | H3: RONILO JR GANGE | I3: =IFERROR(VLOOKUP(A3,[4]C1!$E:$L,8,FALSE),IFERROR(VLOOKUP(A3,[5]C1!$E:$L,8,FALSE),VLOOKUP(A3,[6]C1!$E:$L,8,FALSE))) -> ECOM | L3: RAC | N3: =YEAR(IFERROR(VLOOKUP(A3,[4]C1!$E:$AA,23,FALSE),IFERROR(VLOOKUP(A3,[5]C1!$E:$AB,24,FALSE),VLOOKUP(A3,[6]C1!$E:$AB,23,FALSE)))) -> 2024 | O3: 45723 | P3: =IF(ISBLANK(O3),"NO","YES") -> YES | Q3: 45733 | R3: WITH BACKJOB | S3: 2 | T3: =IFERROR(VLOOKUP(A3,[4]C1!$E:$BH,56,FALSE),IFERROR(VLOOKUP(A3,[5]C1!$E:$BI,57,FALSE),VLOOKUP(A3,[6]C1!$E:$BI,56,FALSE))) -> 45518
A4: X23114610946 | B4: 'X23114610946', | C4: =IFERROR(VLOOKUP(A4,[1]C1!$E:$F,2,FALSE),IFERROR(VLOOKUP(A4,[2]C1!$E:$F,2,FALSE),VLOOKUP(A4,[3]C1!$E:$F,2,FALSE))) -> SPENCER FOODS CORPORATION | D4: =IFERROR(VLOOKUP(A4,[3]C1!$E:$G,3,FALSE),IFERROR(VLOOKUP(A4,[2]C1!$E:$G,3,FALSE),VLOOKUP(A4,[1]C1!$E:$G,3,FALSE))) -> AGUIRRE, BF HOMES, PARANAQUE | E4: =IFERROR(VLOOKUP(A4,[4]C1!$E:$S,15,FALSE),IFERROR(VLOOKUP(A4,[5]C1!$E:$T,16,FALSE),VLOOKUP(A4,[6]C1!$E:$T,16,FALSE))) -> 48068.36 | F4: 21.57 | G4: =IFERROR(VLOOKUP(A4,[4]C1!$E:$N,10,FALSE),IFERROR(VLOOKUP(A4,[5]C1!$E:$N,10,FALSE),VLOOKUP(A4,[6]C1!$E:$N,10,FALSE))) -> JMM | H4: JENNETH MADRID | I4: =IFERROR(VLOOKUP(A4,[4]C1!$E:$L,8,FALSE),IFERROR(VLOOKUP(A4,[5]C1!$E:$L,8,FALSE),VLOOKUP(A4,[6]C1!$E:$L,8,FALSE))) -> POWERHOUSE | L4: RAC | N4: =YEAR(IFERROR(VLOOKUP(A4,[4]C1!$E:$AA,23,FALSE),IFERROR(VLOOKUP(A4,[5]C1!$E:$AB,24,FALSE),VLOOKUP(A4,[6]C1!$E:$AB,23,FALSE)))) -> 2024 | O4: 45723 | P4: =IF(ISBLANK(O4),"NO","YES") -> YES | Q4: 45733 | R4: NO BACKJOB | S4: 2 | T4: =IFERROR(VLOOKUP(A4,[4]C1!$E:$BH,56,FALSE),IFERROR(VLOOKUP(A4,[5]C1!$E:$BI,57,FALSE),VLOOKUP(A4,[6]C1!$E:$BI,56,FALSE))) -> 45653
A5: X24030858589 | B5: 'X24030858589', | C5: =IFERROR(VLOOKUP(A5,[1]C1!$E:$F,2,FALSE),IFERROR(VLOOKUP(A5,[2]C1!$E:$F,2,FALSE),VLOOKUP(A5,[3]C1!$E:$F,2,FALSE))) -> DEO MISSALYN SARIGUMBA SAVELLANO | D5: =IFERROR(VLOOKUP(A5,[3]C1!$E:$G,3,FALSE),IFERROR(VLOOKUP(A5,[2]C1!$E:$G,3,FALSE),VLOOKUP(A5,[1]C1!$E:$G,3,FALSE))) -> VON BRAUN, MOONWALK, PARANAQUE | E5: =IFERROR(VLOOKUP(A5,[4]C1!$E:$S,15,FALSE),IFERROR(VLOOKUP(A5,[5]C1!$E:$T,16,FALSE),VLOOKUP(A5,[6]C1!$E:$T,16,FALSE))) -> 408530.17 | F5: 110.52 | G5: =IFERROR(VLOOKUP(A5,[4]C1!$E:$N,10,FALSE),IFERROR(VLOOKUP(A5,[5]C1!$E:$N,10,FALSE),VLOOKUP(A5,[6]C1!$E:$N,10,FALSE))) -> JCF | H5: JUNILO MICHAEL FLORES | I5: =IFERROR(VLOOKUP(A5,[4]C1!$E:$L,8,FALSE),IFERROR(VLOOKUP(A5,[5]C1!$E:$L,8,FALSE),VLOOKUP(A5,[6]C1!$E:$L,8,FALSE))) -> CHALLENGER | L5: RAC | N5: =YEAR(IFERROR(VLOOKUP(A5,[4]C1!$E:$AA,23,FALSE),IFERROR(VLOOKUP(A5,[5]C1!$E:$AB,24,FALSE),VLOOKUP(A5,[6]C1!$E:$AB,23,FALSE)))) -> 2024 | O5: 45723 | P5: =IF(ISBLANK(O5),"NO","YES") -> YES | Q5: 45735 | R5: WITH BACKJOB | S5: 6 | T5: =IFERROR(VLOOKUP(A5,[4]C1!$E:$BH,56,FALSE),IFERROR(VLOOKUP(A5,[5]C1!$E:$BI,57,FALSE),VLOOKUP(A5,[6]C1!$E:$BI,56,FALSE))) -> 45518
A6: X23083404027 | B6: 'X23083404027', | C6: =IFERROR(VLOOKUP(A6,[1]C1!$E:$F,2,FALSE),IFERROR(VLOOKUP(A6,[2]C1!$E:$F,2,FALSE),VLOOKUP(A6,[3]C1!$E:$F,2,FALSE))) -> FIL-GARTE CONSTRUCTION AND DEVELOPMENT CORPORATION | D6: =IFERROR(VLOOKUP(A6,[3]C1!$E:$G,3,FALSE),IFERROR(VLOOKUP(A6,[2]C1!$E:$G,3,FALSE),VLOOKUP(A6,[1]C1!$E:$G,3,FALSE))) -> GEN. TIRONA, DULONG BAYAN, BACOOR | E6: =IFERROR(VLOOKUP(A6,[4]C1!$E:$S,15,FALSE),IFERROR(VLOOKUP(A6,[5]C1!$E:$T,16,FALSE),VLOOKUP(A6,[6]C1!$E:$T,16,FALSE))) -> 138793.76 | F6: 17.88 | G6: =IFERROR(VLOOKUP(A6,[4]C1!$E:$N,10,FALSE),IFERROR(VLOOKUP(A6,[5]C1!$E:$N,10,FALSE),VLOOKUP(A6,[6]C1!$E:$N,10,FALSE))) -> DCB | H6: DEAN CARL BORJAL | I6: =IFERROR(VLOOKUP(A6,[4]C1!$E:$L,8,FALSE),IFERROR(VLOOKUP(A6,[5]C1!$E:$L,8,FALSE),VLOOKUP(A6,[6]C1!$E:$L,8,FALSE))) -> POWERHOUSE | L6: CMR | N6: =YEAR(IFERROR(VLOOKUP(A6,[4]C1!$E:$AA,23,FALSE),IFERROR(VLOOKUP(A6,[5]C1!$E:$AB,24,FALSE),VLOOKUP(A6,[6]C1!$E:$AB,23,FALSE)))) -> 2024 | O6: 45723 | P6: =IF(ISBLANK(O6),"NO","YES") -> YES | Q6: 45735 | R6: NO BACKJOB | S6: 3 | T6: =IFERROR(VLOOKUP(A6,[4]C1!$E:$BH,56,FALSE),IFERROR(VLOOKUP(A6,[5]C1!$E:$BI,57,FALSE),VLOOKUP(A6,[6]C1!$E:$BI,56,FALSE))) -> 45406
A7: X24072928648 | B7: 'X24072928648', | C7: =IFERROR(VLOOKUP(A7,[1]C1!$E:$F,2,FALSE),IFERROR(VLOOKUP(A7,[2]C1!$E:$F,2,FALSE),VLOOKUP(A7,[3]C1!$E:$F,2,FALSE))) -> LOWELL L. YU | D7: =IFERROR(VLOOKUP(A7,[3]C1!$E:$G,3,FALSE),IFERROR(VLOOKUP(A7,[2]C1!$E:$G,3,FALSE),VLOOKUP(A7,[1]C1!$E:$G,3,FALSE))) -> NARRA, AYALA-ALABANG VILL, MUNTINLUPA | E7: =IFERROR(VLOOKUP(A7,[4]C1!$E:$S,15,FALSE),IFERROR(VLOOKUP(A7,[5]C1!$E:$T,16,FALSE),VLOOKUP(A7,[6]C1!$E:$T,16,FALSE))) -> 695642.64 | F7: 217.9 | G7: =IFERROR(VLOOKUP(A7,[4]C1!$E:$N,10,FALSE),IFERROR(VLOOKUP(A7,[5]C1!$E:$N,10,FALSE),VLOOKUP(A7,[6]C1!$E:$N,10,FALSE))) -> JSP | H7: JEMUEL PERALTA | I7: =IFERROR(VLOOKUP(A7,[4]C1!$E:$L,8,FALSE),IFERROR(VLOOKUP(A7,[5]C1!$E:$L,8,FALSE),VLOOKUP(A7,[6]C1!$E:$L,8,FALSE))) -> CHALLENGER | L7: RAC | N7: =YEAR(IFERROR(VLOOKUP(A7,[4]C1!$E:$AA,23,FALSE),IFERROR(VLOOKUP(A7,[5]C1!$E:$AB,24,FALSE),VLOOKUP(A7,[6]C1!$E:$AB,23,FALSE)))) -> 2024 | O7: 45733 | P7: =IF(ISBLANK(O7),"NO","YES") -> YES | Q7: 45737 | R7: WITH BACKJOB | S7: 9 | T7: =IFERROR(VLOOKUP(A7,[4]C1!$E:$BH,56,FALSE),IFERROR(VLOOKUP(A7,[5]C1!$E:$BI,57,FALSE),VLOOKUP(A7,[6]C1!$E:$BI,56,FALSE))) -> 45631
A8: X23072898930 | B8: 'X23072898930', | C8: =IFERROR(VLOOKUP(A8,[1]C1!$E:$F,2,FALSE),IFERROR(VLOOKUP(A8,[2]C1!$E:$F,2,FALSE),VLOOKUP(A8,[3]C1!$E:$F,2,FALSE))) -> MONALIZA B. CALUBAT | D8: =IFERROR(VLOOKUP(A8,[3]C1!$E:$G,3,FALSE),IFERROR(VLOOKUP(A8,[2]C1!$E:$G,3,FALSE),VLOOKUP(A8,[1]C1!$E:$G,3,FALSE))) -> BLOCK 2, CAMELLA SPRINGVILLE EXEC II, BACOOR | E8: =IFERROR(VLOOKUP(A8,[4]C1!$E:$S,15,FALSE),IFERROR(VLOOKUP(A8,[5]C1!$E:$T,16,FALSE),VLOOKUP(A8,[6]C1!$E:$T,16,FALSE))) -> 397499.52 | F8: 120.52 | G8: =IFERROR(VLOOKUP(A8,[4]C1!$E:$N,10,FALSE),IFERROR(VLOOKUP(A8,[5]C1!$E:$N,10,FALSE),VLOOKUP(A8,[6]C1!$E:$N,10,FALSE))) -> EAO | H8: RONILO JR GANGE | I8: =IFERROR(VLOOKUP(A8,[4]C1!$E:$L,8,FALSE),IFERROR(VLOOKUP(A8,[5]C1!$E:$L,8,FALSE),VLOOKUP(A8,[6]C1!$E:$L,8,FALSE))) -> AVECO | K8: 45736 | L8: AGD | M8: CSB | N8: =YEAR(IFERROR(VLOOKUP(A8,[4]C1!$E:$AA,23,FALSE),IFERROR(VLOOKUP(A8,[5]C1!$E:$AB,24,FALSE),VLOOKUP(A8,[6]C1!$E:$AB,23,FALSE)))) -> 2023 | O8: 45761 | P8: =IF(ISBLANK(O8),"NO","YES") -> YES | Q8: 45778 | R8: WITH BACKJOB | S8: 3 | T8: =IFERROR(VLOOKUP(A8,[4]C1!$E:$BH,56,FALSE),IFERROR(VLOOKUP(A8,[5]C1!$E:$BI,57,FALSE),VLOOKUP(A8,[6]C1!$E:$BI,56,FALSE))) -> 45497
A9: X21041366402 | B9: 'X21041366402', | C9: =IFERROR(VLOOKUP(A9,[1]C1!$E:$F,2,FALSE),IFERROR(VLOOKUP(A9,[2]C1!$E:$F,2,FALSE),VLOOKUP(A9,[3]C1!$E:$F,2,FALSE))) -> GLOBE TELECOM, INC. | D9: =IFERROR(VLOOKUP(A9,[3]C1!$E:$G,3,FALSE),IFERROR(VLOOKUP(A9,[2]C1!$E:$G,3,FALSE),VLOOKUP(A9,[1]C1!$E:$G,3,FALSE))) -> MALINIS CPD, MALINIS CPD, BACOOR | E9: =IFERROR(VLOOKUP(A9,[4]C1!$E:$S,15,FALSE),IFERROR(VLOOKUP(A9,[5]C1!$E:$T,16,FALSE),VLOOKUP(A9,[6]C1!$E:$T,16,FALSE))) -> 14049.52 | F9: 4.75 | G9: =IFERROR(VLOOKUP(A9,[4]C1!$E:$N,10,FALSE),IFERROR(VLOOKUP(A9,[5]C1!$E:$N,10,FALSE),VLOOKUP(A9,[6]C1!$E:$N,10,FALSE))) -> RRG | H9: RONILO JR GANGE | I9: =IFERROR(VLOOKUP(A9,[4]C1!$E:$L,8,FALSE),IFERROR(VLOOKUP(A9,[5]C1!$E:$L,8,FALSE),VLOOKUP(A9,[6]C1!$E:$L,8,FALSE))) -> AVECO | K9: 45736 | L9: AGD | M9: CSB | N9: =YEAR(IFERROR(VLOOKUP(A9,[4]C1!$E:$AA,23,FALSE),IFERROR(VLOOKUP(A9,[5]C1!$E:$AB,24,FALSE),VLOOKUP(A9,[6]C1!$E:$AB,23,FALSE)))) -> 2022 | P9: =IF(ISBLANK(O9),"NO","YES") -> NO | S9: 2 | T9: =IFERROR(VLOOKUP(A9,[4]C1!$E:$BH,56,FALSE),IFERROR(VLOOKUP(A9,[5]C1!$E:$BI,57,FALSE),VLOOKUP(A9,[6]C1!$E:$BI,56,FALSE))) -> 45455
A10: X22093803978 | B10: 'X22093803978', | C10: =IFERROR(VLOOKUP(A10,[1]C1!$E:$F,2,FALSE),IFERROR(VLOOKUP(A10,[2]C1!$E:$F,2,FALSE),VLOOKUP(A10,[3]C1!$E:$F,2,FALSE))) -> HOUSEHOLD DEVELOPMENT CORPORATION, | D10: =IFERROR(VLOOKUP(A10,[3]C1!$E:$G,3,FALSE),IFERROR(VLOOKUP(A10,[2]C1!$E:$G,3,FALSE),VLOOKUP(A10,[1]C1!$E:$G,3,FALSE))) -> BLOCK 3, VILLA LESSANDRA 6, BACOOR | E10: =IFERROR(VLOOKUP(A10,[4]C1!$E:$S,15,FALSE),IFERROR(VLOOKUP(A10,[5]C1!$E:$T,16,FALSE),VLOOKUP(A10,[6]C1!$E:$T,16,FALSE))) -> 23361.7 | F10: 17.05 | G10: =IFERROR(VLOOKUP(A10,[4]C1!$E:$N,10,FALSE),IFERROR(VLOOKUP(A10,[5]C1!$E:$N,10,FALSE),VLOOKUP(A10,[6]C1!$E:$N,10,FALSE))) -> RRG | H10: RONILO JR GANGE | I10: =IFERROR(VLOOKUP(A10,[4]C1!$E:$L,8,FALSE),IFERROR(VLOOKUP(A10,[5]C1!$E:$L,8,FALSE),VLOOKUP(A10,[6]C1!$E:$L,8,FALSE))) -> AVECO | K10: 45736 | L10: AGD | M10: CSB | N10: =YEAR(IFERROR(VLOOKUP(A10,[4]C1!$E:$AA,23,FALSE),IFERROR(VLOOKUP(A10,[5]C1!$E:$AB,24,FALSE),VLOOKUP(A10,[6]C1!$E:$AB,23,FALSE)))) -> 2022 | O10: 45881 | P10: =IF(ISBLANK(O10),"NO","YES") -> YES | Q10: 45887 | R10: NO BACKJOB | S10: 2 | T10: =IFERROR(VLOOKUP(A10,[4]C1!$E:$BH,56,FALSE),IFERROR(VLOOKUP(A10,[5]C1!$E:$BI,57,FALSE),VLOOKUP(A10,[6]C1!$E:$BI,56,FALSE))) -> 45081
A11: X22083673909 | B11: 'X22083673909', | C11: =IFERROR(VLOOKUP(A11,[1]C1!$E:$F,2,FALSE),IFERROR(VLOOKUP(A11,[2]C1!$E:$F,2,FALSE),VLOOKUP(A11,[3]C1!$E:$F,2,FALSE))) -> ALEJANDRO AQUINO | D11: =IFERROR(VLOOKUP(A11,[3]C1!$E:$G,3,FALSE),IFERROR(VLOOKUP(A11,[2]C1!$E:$G,3,FALSE),VLOOKUP(A11,[1]C1!$E:$G,3,FALSE))) -> BLOCK 13, GREEN VALLEY SUBD SECT A, BACOOR | E11: =IFERROR(VLOOKUP(A11,[4]C1!$E:$S,15,FALSE),IFERROR(VLOOKUP(A11,[5]C1!$E:$T,16,FALSE),VLOOKUP(A11,[6]C1!$E:$T,16,FALSE))) -> 285521.42 | F11: 74.25 | G11: =IFERROR(VLOOKUP(A11,[4]C1!$E:$N,10,FALSE),IFERROR(VLOOKUP(A11,[5]C1!$E:$N,10,FALSE),VLOOKUP(A11,[6]C1!$E:$N,10,FALSE))) -> EAO | H11: JEMUEL PERALTA | I11: =IFERROR(VLOOKUP(A11,[4]C1!$E:$L,8,FALSE),IFERROR(VLOOKUP(A11,[5]C1!$E:$L,8,FALSE),VLOOKUP(A11,[6]C1!$E:$L,8,FALSE))) -> CHALLENGER | K11: 45736 | L11: AGD | M11: CSB | N11: =YEAR(IFERROR(VLOOKUP(A11,[4]C1!$E:$AA,23,FALSE),IFERROR(VLOOKUP(A11,[5]C1!$E:$AB,24,FALSE),VLOOKUP(A11,[6]C1!$E:$AB,23,FALSE)))) -> 2023 | O11: 45743 | P11: =IF(ISBLANK(O11),"NO","YES") -> YES | Q11: 45855 | R11: WITH BACKJOB | S11: 4 | T11: =IFERROR(VLOOKUP(A11,[4]C1!$E:$BH,56,FALSE),IFERROR(VLOOKUP(A11,[5]C1!$E:$BI,57,FALSE),VLOOKUP(A11,[6]C1!$E:$BI,56,FALSE))) -> 45249
A12: X22125090828 | B12: 'X22125090828', | C12: =IFERROR(VLOOKUP(A12,[1]C1!$E:$F,2,FALSE),IFERROR(VLOOKUP(A12,[2]C1!$E:$F,2,FALSE),VLOOKUP(A12,[3]C1!$E:$F,2,FALSE))) -> DITO TELECOMMUNITY CORPORATION | D12: =IFERROR(VLOOKUP(A12,[3]C1!$E:$G,3,FALSE),IFERROR(VLOOKUP(A12,[2]C1!$E:$G,3,FALSE),VLOOKUP(A12,[1]C1!$E:$G,3,FALSE))) -> ANIBAN V, ANIBAN V, BACOOR | E12: =IFERROR(VLOOKUP(A12,[4]C1!$E:$S,15,FALSE),IFERROR(VLOOKUP(A12,[5]C1!$E:$T,16,FALSE),VLOOKUP(A12,[6]C1!$E:$T,16,FALSE))) -> 49092.14 | F12: 23.18 | G12: =IFERROR(VLOOKUP(A12,[4]C1!$E:$N,10,FALSE),IFERROR(VLOOKUP(A12,[5]C1!$E:$N,10,FALSE),VLOOKUP(A12,[6]C1!$E:$N,10,FALSE))) -> RRG | H12: RONILO JR GANGE | I12: =IFERROR(VLOOKUP(A12,[4]C1!$E:$L,8,FALSE),IFERROR(VLOOKUP(A12,[5]C1!$E:$L,8,FALSE),VLOOKUP(A12,[6]C1!$E:$L,8,FALSE))) -> AVECO | K12: 45736 | L12: AGD | M12: CSB | N12: =YEAR(IFERROR(VLOOKUP(A12,[4]C1!$E:$AA,23,FALSE),IFERROR(VLOOKUP(A12,[5]C1!$E:$AB,24,FALSE),VLOOKUP(A12,[6]C1!$E:$AB,23,FALSE)))) -> 2023 | O12: 45881 | P12: =IF(ISBLANK(O12),"NO","YES") -> YES | Q12: 45887 | R12: NO BACKJOB | S12: 4 | T12: =IFERROR(VLOOKUP(A12,[4]C1!$E:$BH,56,FALSE),IFERROR(VLOOKUP(A12,[5]C1!$E:$BI,57,FALSE),VLOOKUP(A12,[6]C1!$E:$BI,56,FALSE))) -> 45245
A13: X23051874609 | B13: 'X23051874609', | C13: =IFERROR(VLOOKUP(A13,[1]C1!$E:$F,2,FALSE),IFERROR(VLOOKUP(A13,[2]C1!$E:$F,2,FALSE),VLOOKUP(A13,[3]C1!$E:$F,2,FALSE))) -> STA. LUCIA REALTY & DEVELOPMENT, INC. | D13: =IFERROR(VLOOKUP(A13,[3]C1!$E:$G,3,FALSE),IFERROR(VLOOKUP(A13,[2]C1!$E:$G,3,FALSE),VLOOKUP(A13,[1]C1!$E:$G,3,FALSE))) -> HAZEL, VISTA VERDE SOUTH EXEC VILL 2, BACOOR | E13: =IFERROR(VLOOKUP(A13,[4]C1!$E:$S,15,FALSE),IFERROR(VLOOKUP(A13,[5]C1!$E:$T,16,FALSE),VLOOKUP(A13,[6]C1!$E:$T,16,FALSE))) -> 209139.71 | F13: 40.23 | G13: =IFERROR(VLOOKUP(A13,[4]C1!$E:$N,10,FALSE),IFERROR(VLOOKUP(A13,[5]C1!$E:$N,10,FALSE),VLOOKUP(A13,[6]C1!$E:$N,10,FALSE))) -> EAO | H13: ISAN CARLO LAZARO | I13: =IFERROR(VLOOKUP(A13,[4]C1!$E:$L,8,FALSE),IFERROR(VLOOKUP(A13,[5]C1!$E:$L,8,FALSE),VLOOKUP(A13,[6]C1!$E:$L,8,FALSE))) -> CHALLENGER | K13: 45736 | L13: AGD | M13: CSB | N13: =YEAR(IFERROR(VLOOKUP(A13,[4]C1!$E:$AA,23,FALSE),IFERROR(VLOOKUP(A13,[5]C1!$E:$AB,24,FALSE),VLOOKUP(A13,[6]C1!$E:$AB,23,FALSE)))) -> 2023 | O13: 45756 | P13: =IF(ISBLANK(O13),"NO","YES") -> YES | Q13: / | R13: NO BACKJOB | S13: 3 | T13: =IFERROR(VLOOKUP(A13,[4]C1!$E:$BH,56,FALSE),IFERROR(VLOOKUP(A13,[5]C1!$E:$BI,57,FALSE),VLOOKUP(A13,[6]C1!$E:$BI,56,FALSE))) -> 45130
A14: X22041707487 | B14: 'X22041707487', | C14: =IFERROR(VLOOKUP(A14,[1]C1!$E:$F,2,FALSE),IFERROR(VLOOKUP(A14,[2]C1!$E:$F,2,FALSE),VLOOKUP(A14,[3]C1!$E:$F,2,FALSE))) -> NOEMI BORROMEO DOMINGUEZ | D14: =IFERROR(VLOOKUP(A14,[3]C1!$E:$G,3,FALSE),IFERROR(VLOOKUP(A14,[2]C1!$E:$G,3,FALSE),VLOOKUP(A14,[1]C1!$E:$G,3,FALSE))) -> ALDRIN, MOONWALK, PARANAQUE | E14: =IFERROR(VLOOKUP(A14,[4]C1!$E:$S,15,FALSE),IFERROR(VLOOKUP(A14,[5]C1!$E:$T,16,FALSE),VLOOKUP(A14,[6]C1!$E:$T,16,FALSE))) -> 1913754.1 | F14: 1011.12 | G14: =IFERROR(VLOOKUP(A14,[4]C1!$E:$N,10,FALSE),IFERROR(VLOOKUP(A14,[5]C1!$E:$N,10,FALSE),VLOOKUP(A14,[6]C1!$E:$N,10,FALSE))) -> IJP | H14: IAN PATRICK PEREZ | I14: =IFERROR(VLOOKUP(A14,[4]C1!$E:$L,8,FALSE),IFERROR(VLOOKUP(A14,[5]C1!$E:$L,8,FALSE),VLOOKUP(A14,[6]C1!$E:$L,8,FALSE))) -> POWERHOUSE | K14: 45736 | L14: AGD | M14: CSB | N14: =YEAR(IFERROR(VLOOKUP(A14,[4]C1!$E:$AA,23,FALSE),IFERROR(VLOOKUP(A14,[5]C1!$E:$AB,24,FALSE),VLOOKUP(A14,[6]C1!$E:$AB,23,FALSE)))) -> 2022 | P14: =IF(ISBLANK(O14),"NO","YES") -> NO | S14: 19 | T14: =IFERROR(VLOOKUP(A14,[4]C1!$E:$BH,56,FALSE),IFERROR(VLOOKUP(A14,[5]C1!$E:$BI,57,FALSE),VLOOKUP(A14,[6]C1!$E:$BI,56,FALSE))) -> 45706
A15: X23083147226 | B15: 'X23083147226', | C15: =IFERROR(VLOOKUP(A15,[1]C1!$E:$F,2,FALSE),IFERROR(VLOOKUP(A15,[2]C1!$E:$F,2,FALSE),VLOOKUP(A15,[3]C1!$E:$F,2,FALSE))) -> CITY GOVERNMENT OF PARAÑAQUE | D15: =IFERROR(VLOOKUP(A15,[3]C1!$E:$G,3,FALSE),IFERROR(VLOOKUP(A15,[2]C1!$E:$G,3,FALSE),VLOOKUP(A15,[1]C1!$E:$G,3,FALSE))) -> STA. MONICA, DON GALO, PARANAQUE | E15: =IFERROR(VLOOKUP(A15,[4]C1!$E:$S,15,FALSE),IFERROR(VLOOKUP(A15,[5]C1!$E:$T,16,FALSE),VLOOKUP(A15,[6]C1!$E:$T,16,FALSE))) -> 333554.59 | F15: 80.32 | G15: =IFERROR(VLOOKUP(A15,[4]C1!$E:$N,10,FALSE),IFERROR(VLOOKUP(A15,[5]C1!$E:$N,10,FALSE),VLOOKUP(A15,[6]C1!$E:$N,10,FALSE))) -> RRG | H15: RONILO JR GANGE | I15: =IFERROR(VLOOKUP(A15,[4]C1!$E:$L,8,FALSE),IFERROR(VLOOKUP(A15,[5]C1!$E:$L,8,FALSE),VLOOKUP(A15,[6]C1!$E:$L,8,FALSE))) -> AVECO | K15: 45736 | L15: AGD | M15: CSB | N15: =YEAR(IFERROR(VLOOKUP(A15,[4]C1!$E:$AA,23,FALSE),IFERROR(VLOOKUP(A15,[5]C1!$E:$AB,24,FALSE),VLOOKUP(A15,[6]C1!$E:$AB,23,FALSE)))) -> 2023 | P15: =IF(ISBLANK(O15),"NO","YES") -> NO | S15: 4 | T15: =IFERROR(VLOOKUP(A15,[4]C1!$E:$BH,56,FALSE),IFERROR(VLOOKUP(A15,[5]C1!$E:$BI,57,FALSE),VLOOKUP(A15,[6]C1!$E:$BI,56,FALSE))) -> 45671
A16: X23093500518 | B16: 'X23093500518', | C16: =IFERROR(VLOOKUP(A16,[1]C1!$E:$F,2,FALSE),IFERROR(VLOOKUP(A16,[2]C1!$E:$F,2,FALSE),VLOOKUP(A16,[3]C1!$E:$F,2,FALSE))) -> JOYCE ANN ROMAN TUMANG | D16: =IFERROR(VLOOKUP(A16,[3]C1!$E:$G,3,FALSE),IFERROR(VLOOKUP(A16,[2]C1!$E:$G,3,FALSE),VLOOKUP(A16,[1]C1!$E:$G,3,FALSE))) -> CAPERNAUM, MULTINATIONAL VILL, PARANAQUE | E16: =IFERROR(VLOOKUP(A16,[4]C1!$E:$S,15,FALSE),IFERROR(VLOOKUP(A16,[5]C1!$E:$T,16,FALSE),VLOOKUP(A16,[6]C1!$E:$T,16,FALSE))) -> 473227.53 | F16: 135.73 | G16: =IFERROR(VLOOKUP(A16,[4]C1!$E:$N,10,FALSE),IFERROR(VLOOKUP(A16,[5]C1!$E:$N,10,FALSE),VLOOKUP(A16,[6]C1!$E:$N,10,FALSE))) -> EAO | H16: JEMUEL PERALTA | I16: =IFERROR(VLOOKUP(A16,[4]C1!$E:$L,8,FALSE),IFERROR(VLOOKUP(A16,[5]C1!$E:$L,8,FALSE),VLOOKUP(A16,[6]C1!$E:$L,8,FALSE))) -> VJC | K16: 45736 | L16: ECI | M16: CSB | N16: =YEAR(IFERROR(VLOOKUP(A16,[4]C1!$E:$AA,23,FALSE),IFERROR(VLOOKUP(A16,[5]C1!$E:$AB,24,FALSE),VLOOKUP(A16,[6]C1!$E:$AB,23,FALSE)))) -> 2023 | O16: 45769 | P16: =IF(ISBLANK(O16),"NO","YES") -> YES | Q16: 45847 | R16: WITH BACKJOB | S16: 5 | T16: =IFERROR(VLOOKUP(A16,[4]C1!$E:$BH,56,FALSE),IFERROR(VLOOKUP(A16,[5]C1!$E:$BI,57,FALSE),VLOOKUP(A16,[6]C1!$E:$BI,56,FALSE))) -> 45612
A17: X24093865089 | B17: 'X24093865089', | C17: =IFERROR(VLOOKUP(A17,[1]C1!$E:$F,2,FALSE),IFERROR(VLOOKUP(A17,[2]C1!$E:$F,2,FALSE),VLOOKUP(A17,[3]C1!$E:$F,2,FALSE))) -> JOVY BITANGCOL LOSERIAGA | D17: =IFERROR(VLOOKUP(A17,[3]C1!$E:$G,3,FALSE),IFERROR(VLOOKUP(A17,[2]C1!$E:$G,3,FALSE),VLOOKUP(A17,[1]C1!$E:$G,3,FALSE))) -> BLOCK 8, AFP OVAI PH 1, TAGUIG CITY | E17: =IFERROR(VLOOKUP(A17,[4]C1!$E:$S,15,FALSE),IFERROR(VLOOKUP(A17,[5]C1!$E:$T,16,FALSE),VLOOKUP(A17,[6]C1!$E:$T,15,FALSE))) -> 41516.72 | F17: 15.83 | G17: =IFERROR(VLOOKUP(A17,[4]C1!$E:$N,10,FALSE),IFERROR(VLOOKUP(A17,[5]C1!$E:$N,10,FALSE),VLOOKUP(A17,[6]C1!$E:$N,10,FALSE))) -> Jenneth Madrid | H17: JENNETH MADRID | I17: =IFERROR(VLOOKUP(A17,[4]C1!$E:$L,8,FALSE),IFERROR(VLOOKUP(A17,[5]C1!$E:$L,8,FALSE),VLOOKUP(A17,[6]C1!$E:$L,8,FALSE))) -> VJC | J17: 45736 | K17: 45839 | L17: RCL | N17: =YEAR(IFERROR(VLOOKUP(A17,[4]C1!$E:$AA,23,FALSE),IFERROR(VLOOKUP(A17,[5]C1!$E:$AB,24,FALSE),VLOOKUP(A17,[6]C1!$E:$AB,23,FALSE)))) -> 2025 | O17: 45848 | P17: =IF(ISBLANK(O17),"NO","YES") -> YES | Q17: 45880 | R17: NO BACKJOB | S17: 2 | T17: =IFERROR(VLOOKUP(A17,[4]C1!$E:$BH,56,FALSE),IFERROR(VLOOKUP(A17,[5]C1!$E:$BI,57,FALSE),VLOOKUP(A17,[6]C1!$E:$BI,56,FALSE))) -> 45723
A18: X24093492216 | B18: 'X24093492216', | C18: =IFERROR(VLOOKUP(A18,[1]C1!$E:$F,2,FALSE),IFERROR(VLOOKUP(A18,[2]C1!$E:$F,2,FALSE),VLOOKUP(A18,[3]C1!$E:$F,2,FALSE))) -> ALFAMART TRADING PHILIPPINES, INC. | D18: =IFERROR(VLOOKUP(A18,[3]C1!$E:$G,3,FALSE),IFERROR(VLOOKUP(A18,[2]C1!$E:$G,3,FALSE),VLOOKUP(A18,[1]C1!$E:$G,3,FALSE))) -> SUMMIT CIRCLE SUBD, SUMMIT CIRCLE SUBD, MUNTINLUPA | E18: =IFERROR(VLOOKUP(A18,[4]C1!$E:$S,15,FALSE),IFERROR(VLOOKUP(A18,[5]C1!$E:$T,16,FALSE),VLOOKUP(A18,[6]C1!$E:$T,15,FALSE))) -> 186146.6 | F18: 17.58 | G18: =IFERROR(VLOOKUP(A18,[4]C1!$E:$N,10,FALSE),IFERROR(VLOOKUP(A18,[5]C1!$E:$N,10,FALSE),VLOOKUP(A18,[6]C1!$E:$N,10,FALSE))) -> Isan Carlo Lazaro | H18: ISAN CARLO LAZARO | I18: =IFERROR(VLOOKUP(A18,[4]C1!$E:$L,8,FALSE),IFERROR(VLOOKUP(A18,[5]C1!$E:$L,8,FALSE),VLOOKUP(A18,[6]C1!$E:$L,8,FALSE))) -> CHALLENGER | J18: 45736 | K18: 45863 | L18: AGD | N18: =YEAR(IFERROR(VLOOKUP(A18,[4]C1!$E:$AA,23,FALSE),IFERROR(VLOOKUP(A18,[5]C1!$E:$AB,24,FALSE),VLOOKUP(A18,[6]C1!$E:$AB,23,FALSE)))) -> 2025 | O18: 45863 | P18: =IF(ISBLANK(O18),"NO","YES") -> YES | Q18: 45869 | R18: NO BACKJOB | S18: 3 | T18: =IFERROR(VLOOKUP(A18,[4]C1!$E:$BH,56,FALSE),IFERROR(VLOOKUP(A18,[5]C1!$E:$BI,57,FALSE),VLOOKUP(A18,[6]C1!$E:$BI,56,FALSE))) -> 45733
A19: X25010119305 | B19: 'X25010119305', | C19: =IFERROR(VLOOKUP(A19,[1]C1!$E:$F,2,FALSE),IFERROR(VLOOKUP(A19,[2]C1!$E:$F,2,FALSE),VLOOKUP(A19,[3]C1!$E:$F,2,FALSE))) -> VICENTE P PEREZ | D19: =IFERROR(VLOOKUP(A19,[3]C1!$E:$G,3,FALSE),IFERROR(VLOOKUP(A19,[2]C1!$E:$G,3,FALSE),VLOOKUP(A19,[1]C1!$E:$G,3,FALSE))) -> EL GRANDE, BF HOMES, PARANAQUE | E19: =IFERROR(VLOOKUP(A19,[4]C1!$E:$S,15,FALSE),IFERROR(VLOOKUP(A19,[5]C1!$E:$T,16,FALSE),VLOOKUP(A19,[6]C1!$E:$T,15,FALSE))) -> 241637.84 | F19: 45.67 | G19: =IFERROR(VLOOKUP(A19,[4]C1!$E:$N,10,FALSE),IFERROR(VLOOKUP(A19,[5]C1!$E:$N,10,FALSE),VLOOKUP(A19,[6]C1!$E:$N,10,FALSE))) -> Isan Carlo Lazaro | H19: ISAN CARLO LAZARO | I19: =IFERROR(VLOOKUP(A19,[4]C1!$E:$L,8,FALSE),IFERROR(VLOOKUP(A19,[5]C1!$E:$L,8,FALSE),VLOOKUP(A19,[6]C1!$E:$L,8,FALSE))) -> CHALLENGER | J19: 45736 | K19: 45737 | L19: AGD | M19: CSB | N19: =YEAR(IFERROR(VLOOKUP(A19,[4]C1!$E:$AA,23,FALSE),IFERROR(VLOOKUP(A19,[5]C1!$E:$AB,24,FALSE),VLOOKUP(A19,[6]C1!$E:$AB,23,FALSE)))) -> 2025 | O19: 45740 | P19: =IF(ISBLANK(O19),"NO","YES") -> YES | Q19: 45855 | R19: NO BACKJOB | S19: 3 | T19: =IFERROR(VLOOKUP(A19,[4]C1!$E:$BH,56,FALSE),IFERROR(VLOOKUP(A19,[5]C1!$E:$BI,57,FALSE),VLOOKUP(A19,[6]C1!$E:$BI,56,FALSE))) -> 45727
A20: X24093707345 | B20: 'X24093707345', | C20: =IFERROR(VLOOKUP(A20,[1]C1!$E:$F,2,FALSE),IFERROR(VLOOKUP(A20,[2]C1!$E:$F,2,FALSE),VLOOKUP(A20,[3]C1!$E:$F,2,FALSE))) -> CITY GOVERNMENT OF TAGUIG | D20: =IFERROR(VLOOKUP(A20,[3]C1!$E:$G,3,FALSE),IFERROR(VLOOKUP(A20,[2]C1!$E:$G,3,FALSE),VLOOKUP(A20,[1]C1!$E:$G,3,FALSE))) -> MAGSAYSAY, ZONE 6, TAGUIG CITY | E20: =IFERROR(VLOOKUP(A20,[4]C1!$E:$S,15,FALSE),IFERROR(VLOOKUP(A20,[5]C1!$E:$T,16,FALSE),VLOOKUP(A20,[6]C1!$E:$T,15,FALSE))) -> 715296.24 | F20: 114.4 | G20: =IFERROR(VLOOKUP(A20,[4]C1!$E:$N,10,FALSE),IFERROR(VLOOKUP(A20,[5]C1!$E:$N,10,FALSE),VLOOKUP(A20,[6]C1!$E:$N,10,FALSE))) -> Jenneth Madrid | H20: JENNETH MADRID | I20: =IFERROR(VLOOKUP(A20,[4]C1!$E:$L,8,FALSE),IFERROR(VLOOKUP(A20,[5]C1!$E:$L,8,FALSE),VLOOKUP(A20,[6]C1!$E:$L,8,FALSE))) -> VJC | J20: 45736 | K20: 45737 | L20: AGD | M20: CSB | N20: =YEAR(IFERROR(VLOOKUP(A20,[4]C1!$E:$AA,23,FALSE),IFERROR(VLOOKUP(A20,[5]C1!$E:$AB,24,FALSE),VLOOKUP(A20,[6]C1!$E:$AB,23,FALSE)))) -> 2025 | O20: 45744 | P20: =IF(ISBLANK(O20),"NO","YES") -> YES | Q20: 45749 | R20: WITH BACKJOB | S20: 3 | T20: =IFERROR(VLOOKUP(A20,[4]C1!$E:$BH,56,FALSE),IFERROR(VLOOKUP(A20,[5]C1!$E:$BI,57,FALSE),VLOOKUP(A20,[6]C1!$E:$BI,56,FALSE))) -> 45723
A21: X24114622443 | B21: 'X24114622443', | C21: =IFERROR(VLOOKUP(A21,[1]C1!$E:$F,2,FALSE),IFERROR(VLOOKUP(A21,[2]C1!$E:$F,2,FALSE),VLOOKUP(A21,[3]C1!$E:$F,2,FALSE))) -> NELSON BALIGUAT RODRIGUEZ | D21: =IFERROR(VLOOKUP(A21,[3]C1!$E:$G,3,FALSE),IFERROR(VLOOKUP(A21,[2]C1!$E:$G,3,FALSE),VLOOKUP(A21,[1]C1!$E:$G,3,FALSE))) -> ENLISTED PERSONNEL VIL 2, TAGUIG CITY | E21: =IFERROR(VLOOKUP(A21,[4]C1!$E:$S,15,FALSE),IFERROR(VLOOKUP(A21,[5]C1!$E:$T,16,FALSE),VLOOKUP(A21,[6]C1!$E:$T,15,FALSE))) -> 78921.54 | F21: 54.73 | G21: =IFERROR(VLOOKUP(A21,[4]C1!$E:$N,10,FALSE),IFERROR(VLOOKUP(A21,[5]C1!$E:$N,10,FALSE),VLOOKUP(A21,[6]C1!$E:$N,10,FALSE))) -> Jenneth Madrid | H21: JENNETH MADRID | I21: =IFERROR(VLOOKUP(A21,[4]C1!$E:$L,8,FALSE),IFERROR(VLOOKUP(A21,[5]C1!$E:$L,8,FALSE),VLOOKUP(A21,[6]C1!$E:$L,8,FALSE))) -> VJC | J21: 45736 | K21: 45839 | L21: RCL | N21: =YEAR(IFERROR(VLOOKUP(A21,[4]C1!$E:$AA,23,FALSE),IFERROR(VLOOKUP(A21,[5]C1!$E:$AB,24,FALSE),VLOOKUP(A21,[6]C1!$E:$AB,23,FALSE)))) -> 2025 | O21: 45848 | P21: =IF(ISBLANK(O21),"NO","YES") -> YES | Q21: 45881 | R21: WITH BACKJOB | S21: 4 | T21: =IFERROR(VLOOKUP(A21,[4]C1!$E:$BH,56,FALSE),IFERROR(VLOOKUP(A21,[5]C1!$E:$BI,57,FALSE),VLOOKUP(A21,[6]C1!$E:$BI,56,FALSE))) -> 45723
A22: X25010059547 | B22: 'X25010059547', | C22: =IFERROR(VLOOKUP(A22,[1]C1!$E:$F,2,FALSE),IFERROR(VLOOKUP(A22,[2]C1!$E:$F,2,FALSE),VLOOKUP(A22,[3]C1!$E:$F,2,FALSE))) -> ALFAMETRO MARKETING INC. (CORCUERRA - BANNER 4TH ESTATE) | D22: =IFERROR(VLOOKUP(A22,[3]C1!$E:$G,3,FALSE),IFERROR(VLOOKUP(A22,[2]C1!$E:$G,3,FALSE),VLOOKUP(A22,[1]C1!$E:$G,3,FALSE))) -> BANNER, 4TH ESTATE SUBD, PARANAQUE | E22: =IFERROR(VLOOKUP(A22,[4]C1!$E:$S,15,FALSE),IFERROR(VLOOKUP(A22,[5]C1!$E:$T,16,FALSE),VLOOKUP(A22,[6]C1!$E:$T,15,FALSE))) -> 202246.77 | F22: 27.28 | G22: =IFERROR(VLOOKUP(A22,[4]C1!$E:$N,10,FALSE),IFERROR(VLOOKUP(A22,[5]C1!$E:$N,10,FALSE),VLOOKUP(A22,[6]C1!$E:$N,10,FALSE))) -> Isan Carlo Lazaro | H22: ISAN CARLO LAZARO | I22: =IFERROR(VLOOKUP(A22,[4]C1!$E:$L,8,FALSE),IFERROR(VLOOKUP(A22,[5]C1!$E:$L,8,FALSE),VLOOKUP(A22,[6]C1!$E:$L,8,FALSE))) -> CHALLENGER | J22: 45736 | K22: 45737 | L22: AGD | M22: CSB | N22: =YEAR(IFERROR(VLOOKUP(A22,[4]C1!$E:$AA,23,FALSE),IFERROR(VLOOKUP(A22,[5]C1!$E:$AB,24,FALSE),VLOOKUP(A22,[6]C1!$E:$AB,23,FALSE)))) -> 2025 | O22: 45741 | P22: =IF(ISBLANK(O22),"NO","YES") -> YES | Q22: / | R22: NO BACKJOB | S22: 3 | T22: =IFERROR(VLOOKUP(A22,[4]C1!$E:$BH,56,FALSE),IFERROR(VLOOKUP(A22,[5]C1!$E:$BI,57,FALSE),VLOOKUP(A22,[6]C1!$E:$BI,56,FALSE))) -> 45729
A23: X23104201686 | B23: 'X23104201686', | C23: =IFERROR(VLOOKUP(A23,[1]C1!$E:$F,2,FALSE),IFERROR(VLOOKUP(A23,[2]C1!$E:$F,2,FALSE),VLOOKUP(A23,[3]C1!$E:$F,2,FALSE))) -> MINGHAI SU | D23: =IFERROR(VLOOKUP(A23,[3]C1!$E:$G,3,FALSE),IFERROR(VLOOKUP(A23,[2]C1!$E:$G,3,FALSE),VLOOKUP(A23,[1]C1!$E:$G,3,FALSE))) -> MATTHEW, MULTINATIONAL VILL, PARANAQUE | E23: =IFERROR(VLOOKUP(A23,[4]C1!$E:$S,15,FALSE),IFERROR(VLOOKUP(A23,[5]C1!$E:$T,16,FALSE),VLOOKUP(A23,[6]C1!$E:$T,15,FALSE))) -> 428089.39 | F23: 86.52 | G23: =IFERROR(VLOOKUP(A23,[4]C1!$E:$N,10,FALSE),IFERROR(VLOOKUP(A23,[5]C1!$E:$N,10,FALSE),VLOOKUP(A23,[6]C1!$E:$N,10,FALSE))) -> Isan Carlo Lazaro | H23: ISAN CARLO LAZARO | I23: =IFERROR(VLOOKUP(A23,[4]C1!$E:$L,8,FALSE),IFERROR(VLOOKUP(A23,[5]C1!$E:$L,8,FALSE),VLOOKUP(A23,[6]C1!$E:$L,8,FALSE))) -> CHALLENGER | J23: 45736 | K23: 45737 | L23: AGD | M23: CSB | N23: =YEAR(IFERROR(VLOOKUP(A23,[4]C1!$E:$AA,23,FALSE),IFERROR(VLOOKUP(A23,[5]C1!$E:$AB,24,FALSE),VLOOKUP(A23,[6]C1!$E:$AB,23,FALSE)))) -> 2025 | O23: 45741 | P23: =IF(ISBLANK(O23),"NO","YES") -> YES | Q23: 45817 | R23: WITH BACKJOB | S23: 3 | T23: =IFERROR(VLOOKUP(A23,[4]C1!$E:$BH,56,FALSE),IFERROR(VLOOKUP(A23,[5]C1!$E:$BI,57,FALSE),VLOOKUP(A23,[6]C1!$E:$BI,56,FALSE))) -> 45729
A24: X24104141244 | B24: 'X24104141244', | C24: =IFERROR(VLOOKUP(A24,[1]C1!$E:$F,2,FALSE),IFERROR(VLOOKUP(A24,[2]C1!$E:$F,2,FALSE),VLOOKUP(A24,[3]C1!$E:$F,2,FALSE))) -> SERVEQUEST INC. | D24: =IFERROR(VLOOKUP(A24,[3]C1!$E:$G,3,FALSE),IFERROR(VLOOKUP(A24,[2]C1!$E:$G,3,FALSE),VLOOKUP(A24,[1]C1!$E:$G,3,FALSE))) -> SUMMIT CIRCLE SUBD, SUMMIT CIRCLE SUBD, MUNTINLUPA | E24: =IFERROR(VLOOKUP(A24,[4]C1!$E:$S,15,FALSE),IFERROR(VLOOKUP(A24,[5]C1!$E:$T,16,FALSE),VLOOKUP(A24,[6]C1!$E:$T,15,FALSE))) -> 846988.2 | F24: 139.87 | G24: =IFERROR(VLOOKUP(A24,[4]C1!$E:$N,10,FALSE),IFERROR(VLOOKUP(A24,[5]C1!$E:$N,10,FALSE),VLOOKUP(A24,[6]C1!$E:$N,10,FALSE))) -> Isan Carlo Lazaro | H24: ISAN CARLO LAZARO | I24: =IFERROR(VLOOKUP(A24,[4]C1!$E:$L,8,FALSE),IFERROR(VLOOKUP(A24,[5]C1!$E:$L,8,FALSE),VLOOKUP(A24,[6]C1!$E:$L,8,FALSE))) -> CHALLENGER | K24: 45736 | L24: ECI | M24: CSB | N24: =YEAR(IFERROR(VLOOKUP(A24,[4]C1!$E:$AA,23,FALSE),IFERROR(VLOOKUP(A24,[5]C1!$E:$AB,24,FALSE),VLOOKUP(A24,[6]C1!$E:$AB,23,FALSE)))) -> 2025 | O24: 45750 | P24: =IF(ISBLANK(O24),"NO","YES") -> YES | Q24: 45770 | R24: NO BACKJOB | S24: 4 | T24: =IFERROR(VLOOKUP(A24,[4]C1!$E:$BH,56,FALSE),IFERROR(VLOOKUP(A24,[5]C1!$E:$BI,57,FALSE),VLOOKUP(A24,[6]C1!$E:$BI,56,FALSE))) -> 45709
A25: X23083142769 | B25: 'X23083142769', | C25: =IFERROR(VLOOKUP(A25,[1]C1!$E:$F,2,FALSE),IFERROR(VLOOKUP(A25,[2]C1!$E:$F,2,FALSE),VLOOKUP(A25,[3]C1!$E:$F,2,FALSE))) -> CHRISTOPHER SANTIAGO | D25: =IFERROR(VLOOKUP(A25,[3]C1!$E:$G,3,FALSE),IFERROR(VLOOKUP(A25,[2]C1!$E:$G,3,FALSE),VLOOKUP(A25,[1]C1!$E:$G,3,FALSE))) -> TANAUAN, AYALA-ALABANG VILL, MUNTINLUPA | E25: =IFERROR(VLOOKUP(A25,[4]C1!$E:$S,15,FALSE),IFERROR(VLOOKUP(A25,[5]C1!$E:$T,16,FALSE),VLOOKUP(A25,[6]C1!$E:$T,16,FALSE))) -> 69069.98 | F25: 115.77 | G25: =IFERROR(VLOOKUP(A25,[4]C1!$E:$N,10,FALSE),IFERROR(VLOOKUP(A25,[5]C1!$E:$N,10,FALSE),VLOOKUP(A25,[6]C1!$E:$N,10,FALSE))) -> EAO | H25: ISAN CARLO LAZARO | I25: =IFERROR(VLOOKUP(A25,[4]C1!$E:$L,8,FALSE),IFERROR(VLOOKUP(A25,[5]C1!$E:$L,8,FALSE),VLOOKUP(A25,[6]C1!$E:$L,8,FALSE))) -> CHALLENGER | K25: 45736 | L25: AGD | M25: CSB | N25: =YEAR(IFERROR(VLOOKUP(A25,[4]C1!$E:$AA,23,FALSE),IFERROR(VLOOKUP(A25,[5]C1!$E:$AB,24,FALSE),VLOOKUP(A25,[6]C1!$E:$AB,23,FALSE)))) -> 2023 | O25: 45777 | P25: =IF(ISBLANK(O25),"NO","YES") -> YES | Q25: 45855 | R25: NO BACKJOB | S25: 5 | T25: =IFERROR(VLOOKUP(A25,[4]C1!$E:$BH,56,FALSE),IFERROR(VLOOKUP(A25,[5]C1!$E:$BI,57,FALSE),VLOOKUP(A25,[6]C1!$E:$BI,56,FALSE))) -> 45379
A26: X22041849543 | B26: 'X22041849543', | C26: =IFERROR(VLOOKUP(A26,[1]C1!$E:$F,2,FALSE),IFERROR(VLOOKUP(A26,[2]C1!$E:$F,2,FALSE),VLOOKUP(A26,[3]C1!$E:$F,2,FALSE))) -> DITO TELECOMMUNITY CORPORATION | D26: =IFERROR(VLOOKUP(A26,[3]C1!$E:$G,3,FALSE),IFERROR(VLOOKUP(A26,[2]C1!$E:$G,3,FALSE),VLOOKUP(A26,[1]C1!$E:$G,3,FALSE))) -> COL. E. DE LEON, STO. NINO, PARANAQUE | E26: =IFERROR(VLOOKUP(A26,[4]C1!$E:$S,15,FALSE),IFERROR(VLOOKUP(A26,[5]C1!$E:$T,16,FALSE),VLOOKUP(A26,[6]C1!$E:$T,16,FALSE))) -> 347662.79 | F26: 76.82 | G26: =IFERROR(VLOOKUP(A26,[4]C1!$E:$N,10,FALSE),IFERROR(VLOOKUP(A26,[5]C1!$E:$N,10,FALSE),VLOOKUP(A26,[6]C1!$E:$N,10,FALSE))) -> RRG | H26: RONILO JR GANGE | I26: =IFERROR(VLOOKUP(A26,[4]C1!$E:$L,8,FALSE),IFERROR(VLOOKUP(A26,[5]C1!$E:$L,8,FALSE),VLOOKUP(A26,[6]C1!$E:$L,8,FALSE))) -> ECOM | K26: 45736 | L26: ECI | M26: CSB | N26: =YEAR(IFERROR(VLOOKUP(A26,[4]C1!$E:$AA,23,FALSE),IFERROR(VLOOKUP(A26,[5]C1!$E:$AB,24,FALSE),VLOOKUP(A26,[6]C1!$E:$AB,23,FALSE)))) -> 2023 | P26: =IF(ISBLANK(O26),"NO","YES") -> NO | S26: 4 | T26: =IFERROR(VLOOKUP(A26,[4]C1!$E:$BH,56,FALSE),IFERROR(VLOOKUP(A26,[5]C1!$E:$BI,57,FALSE),VLOOKUP(A26,[6]C1!$E:$BI,56,FALSE))) -> 45372
A27: X23062242918 | B27: 'X23062242918', | C27: =IFERROR(VLOOKUP(A27,[1]C1!$E:$F,2,FALSE),IFERROR(VLOOKUP(A27,[2]C1!$E:$F,2,FALSE),VLOOKUP(A27,[3]C1!$E:$F,2,FALSE))) -> GEORGIE VELASCO SAMONTE | D27: =IFERROR(VLOOKUP(A27,[3]C1!$E:$G,3,FALSE),IFERROR(VLOOKUP(A27,[2]C1!$E:$G,3,FALSE),VLOOKUP(A27,[1]C1!$E:$G,3,FALSE))) -> BLOCK 47 ST, GEORGETOWN HEIGHTS SUBD PH II, BACOOR | E27: =IFERROR(VLOOKUP(A27,[4]C1!$E:$S,15,FALSE),IFERROR(VLOOKUP(A27,[5]C1!$E:$T,16,FALSE),VLOOKUP(A27,[6]C1!$E:$T,16,FALSE))) -> 35997.05 | F27: 19.6 | G27: =IFERROR(VLOOKUP(A27,[4]C1!$E:$N,10,FALSE),IFERROR(VLOOKUP(A27,[5]C1!$E:$N,10,FALSE),VLOOKUP(A27,[6]C1!$E:$N,10,FALSE))) -> EAO | H27: RONILO JR GANGE | I27: =IFERROR(VLOOKUP(A27,[4]C1!$E:$L,8,FALSE),IFERROR(VLOOKUP(A27,[5]C1!$E:$L,8,FALSE),VLOOKUP(A27,[6]C1!$E:$L,8,FALSE))) -> AVECO | K27: 45736 | L27: AGD | M27: CSB | N27: =YEAR(IFERROR(VLOOKUP(A27,[4]C1!$E:$AA,23,FALSE),IFERROR(VLOOKUP(A27,[5]C1!$E:$AB,24,FALSE),VLOOKUP(A27,[6]C1!$E:$AB,23,FALSE)))) -> 2023 | O27: 45756 | P27: =IF(ISBLANK(O27),"NO","YES") -> YES | Q27: 45855 | R27: NO BACKJOB | S27: 4 | T27: =IFERROR(VLOOKUP(A27,[4]C1!$E:$BH,56,FALSE),IFERROR(VLOOKUP(A27,[5]C1!$E:$BI,57,FALSE),VLOOKUP(A27,[6]C1!$E:$BI,56,FALSE))) -> 45497
A28: R22553542 | B28: 'R22553542', | C28: =IFERROR(VLOOKUP(A28,[1]C1!$E:$F,2,FALSE),IFERROR(VLOOKUP(A28,[2]C1!$E:$F,2,FALSE),VLOOKUP(A28,[3]C1!$E:$F,2,FALSE))) -> BASCUGUIN BUENA MONTES, | D28: =IFERROR(VLOOKUP(A28,[3]C1!$E:$G,3,FALSE),IFERROR(VLOOKUP(A28,[2]C1!$E:$G,3,FALSE),VLOOKUP(A28,[1]C1!$E:$G,3,FALSE))) -> KALAYAAN VILL/BALAGBAG, KALAYAAN VILL/BALAGBAG, PASAY CITY | E28: =IFERROR(VLOOKUP(A28,[4]C1!$E:$S,15,FALSE),IFERROR(VLOOKUP(A28,[5]C1!$E:$T,16,FALSE),VLOOKUP(A28,[6]C1!$E:$T,16,FALSE))) -> 210433.39 | F28: 94.97 | G28: =IFERROR(VLOOKUP(A28,[4]C1!$E:$N,10,FALSE),IFERROR(VLOOKUP(A28,[5]C1!$E:$N,10,FALSE),VLOOKUP(A28,[6]C1!$E:$N,10,FALSE))) -> RRG | H28: RONILO JR GANGE | I28: =IFERROR(VLOOKUP(A28,[4]C1!$E:$L,8,FALSE),IFERROR(VLOOKUP(A28,[5]C1!$E:$L,8,FALSE),VLOOKUP(A28,[6]C1!$E:$L,8,FALSE))) -> ECOM | K28: 45736 | L28: ECI | M28: CSB | N28: =YEAR(IFERROR(VLOOKUP(A28,[4]C1!$E:$AA,23,FALSE),IFERROR(VLOOKUP(A28,[5]C1!$E:$AB,24,FALSE),VLOOKUP(A28,[6]C1!$E:$AB,23,FALSE)))) -> 2024 | P28: =IF(ISBLANK(O28),"NO","YES") -> NO | S28: 2 | T28: =IFERROR(VLOOKUP(A28,[4]C1!$E:$BH,56,FALSE),IFERROR(VLOOKUP(A28,[5]C1!$E:$BI,57,FALSE),VLOOKUP(A28,[6]C1!$E:$BI,56,FALSE))) -> 45372
A29: R23067764 | B29: 'R23067764', | C29: =IFERROR(VLOOKUP(A29,[1]C1!$E:$F,2,FALSE),IFERROR(VLOOKUP(A29,[2]C1!$E:$F,2,FALSE),VLOOKUP(A29,[3]C1!$E:$F,2,FALSE))) -> F & E DE CASTRO CORPORATION,, HMB | D29: =IFERROR(VLOOKUP(A29,[3]C1!$E:$G,3,FALSE),IFERROR(VLOOKUP(A29,[2]C1!$E:$G,3,FALSE),VLOOKUP(A29,[1]C1!$E:$G,3,FALSE))) -> BLOCK 19, GEORGETOWN HEIGHTS SUBD PH I, BACOOR | E29: =IFERROR(VLOOKUP(A29,[4]C1!$E:$S,15,FALSE),IFERROR(VLOOKUP(A29,[5]C1!$E:$T,16,FALSE),VLOOKUP(A29,[6]C1!$E:$T,16,FALSE))) -> 153228.84 | F29: 51.02 | G29: =IFERROR(VLOOKUP(A29,[4]C1!$E:$N,10,FALSE),IFERROR(VLOOKUP(A29,[5]C1!$E:$N,10,FALSE),VLOOKUP(A29,[6]C1!$E:$N,10,FALSE))) -> RRG | H29: RONILO JR GANGE | I29: =IFERROR(VLOOKUP(A29,[4]C1!$E:$L,8,FALSE),IFERROR(VLOOKUP(A29,[5]C1!$E:$L,8,FALSE),VLOOKUP(A29,[6]C1!$E:$L,8,FALSE))) -> ECOM | K29: 45736 | L29: AGD | M29: CSB | N29: =YEAR(IFERROR(VLOOKUP(A29,[4]C1!$E:$AA,23,FALSE),IFERROR(VLOOKUP(A29,[5]C1!$E:$AB,24,FALSE),VLOOKUP(A29,[6]C1!$E:$AB,23,FALSE)))) -> 2024 | O29: 45756 | P29: =IF(ISBLANK(O29),"NO","YES") -> YES | Q29: 45855 | R29: NO BACKJOB | S29: 2 | T29: =IFERROR(VLOOKUP(A29,[4]C1!$E:$BH,56,FALSE),IFERROR(VLOOKUP(A29,[5]C1!$E:$BI,57,FALSE),VLOOKUP(A29,[6]C1!$E:$BI,56,FALSE))) -> 45372
A30: R21257785 | B30: 'R21257785', | C30: =IFERROR(VLOOKUP(A30,[1]C1!$E:$F,2,FALSE),IFERROR(VLOOKUP(A30,[2]C1!$E:$F,2,FALSE),VLOOKUP(A30,[3]C1!$E:$F,2,FALSE))) -> GO JEREMY LESTER TEE TEN | D30: =IFERROR(VLOOKUP(A30,[3]C1!$E:$G,3,FALSE),IFERROR(VLOOKUP(A30,[2]C1!$E:$G,3,FALSE),VLOOKUP(A30,[1]C1!$E:$G,3,FALSE))) -> BAYANAN, BAYANAN, BACOOR | E30: =IFERROR(VLOOKUP(A30,[4]C1!$E:$S,15,FALSE),IFERROR(VLOOKUP(A30,[5]C1!$E:$T,16,FALSE),VLOOKUP(A30,[6]C1!$E:$T,16,FALSE))) -> 446398.79 | F30: 225.67 | G30: =IFERROR(VLOOKUP(A30,[4]C1!$E:$N,10,FALSE),IFERROR(VLOOKUP(A30,[5]C1!$E:$N,10,FALSE),VLOOKUP(A30,[6]C1!$E:$N,10,FALSE))) -> IJP | H30: IAN PATRICK PEREZ | I30: =IFERROR(VLOOKUP(A30,[4]C1!$E:$L,8,FALSE),IFERROR(VLOOKUP(A30,[5]C1!$E:$L,8,FALSE),VLOOKUP(A30,[6]C1!$E:$L,8,FALSE))) -> AVECO | K30: 45736 | L30: ECI | M30: CSB | N30: =YEAR(IFERROR(VLOOKUP(A30,[4]C1!$E:$AA,23,FALSE),IFERROR(VLOOKUP(A30,[5]C1!$E:$AB,24,FALSE),VLOOKUP(A30,[6]C1!$E:$AB,23,FALSE)))) -> 2022 | P30: =IF(ISBLANK(O30),"NO","YES") -> NO | S30: 6 | T30: =IFERROR(VLOOKUP(A30,[4]C1!$E:$BH,56,FALSE),IFERROR(VLOOKUP(A30,[5]C1!$E:$BI,57,FALSE),VLOOKUP(A30,[6]C1!$E:$BI,56,FALSE))) -> 45097
A31: X23072902617 | B31: 'X23072902617', | C31: =IFERROR(VLOOKUP(A31,[1]C1!$E:$F,2,FALSE),IFERROR(VLOOKUP(A31,[2]C1!$E:$F,2,FALSE),VLOOKUP(A31,[3]C1!$E:$F,2,FALSE))) -> LIGHT RAIL MANILA CORPORATION (REDEMPTORIST STATION) | D31: =IFERROR(VLOOKUP(A31,[3]C1!$E:$G,3,FALSE),IFERROR(VLOOKUP(A31,[2]C1!$E:$G,3,FALSE),VLOOKUP(A31,[1]C1!$E:$G,3,FALSE))) -> PRES. M. ROXAS, BACLARAN, PARANAQUE | E31: =IFERROR(VLOOKUP(A31,[4]C1!$E:$S,15,FALSE),IFERROR(VLOOKUP(A31,[5]C1!$E:$T,16,FALSE),VLOOKUP(A31,[6]C1!$E:$T,16,FALSE))) -> 539841.81 | F31: 300.3 | G31: =IFERROR(VLOOKUP(A31,[4]C1!$E:$N,10,FALSE),IFERROR(VLOOKUP(A31,[5]C1!$E:$N,10,FALSE),VLOOKUP(A31,[6]C1!$E:$N,10,FALSE))) -> IJP | H31: IAN PATRICK PEREZ | I31: =IFERROR(VLOOKUP(A31,[4]C1!$E:$L,8,FALSE),IFERROR(VLOOKUP(A31,[5]C1!$E:$L,8,FALSE),VLOOKUP(A31,[6]C1!$E:$L,8,FALSE))) -> CHALLENGER | K31: 45736 | L31: AGD | M31: CSB | N31: =YEAR(IFERROR(VLOOKUP(A31,[4]C1!$E:$AA,23,FALSE),IFERROR(VLOOKUP(A31,[5]C1!$E:$AB,24,FALSE),VLOOKUP(A31,[6]C1!$E:$AB,23,FALSE)))) -> 2023 | O31: 45769 | P31: =IF(ISBLANK(O31),"NO","YES") -> YES | R31: WITH BACKJOB | S31: 5 | T31: =IFERROR(VLOOKUP(A31,[4]C1!$E:$BH,56,FALSE),IFERROR(VLOOKUP(A31,[5]C1!$E:$BI,57,FALSE),VLOOKUP(A31,[6]C1!$E:$BI,56,FALSE))) -> 45379
A32: R22837793 | B32: 'R22837793', | C32: =IFERROR(VLOOKUP(A32,[1]C1!$E:$F,2,FALSE),IFERROR(VLOOKUP(A32,[2]C1!$E:$F,2,FALSE),VLOOKUP(A32,[3]C1!$E:$F,2,FALSE))) -> LUI, CHAD ALFRED SO, HMB | D32: =IFERROR(VLOOKUP(A32,[3]C1!$E:$G,3,FALSE),IFERROR(VLOOKUP(A32,[2]C1!$E:$G,3,FALSE),VLOOKUP(A32,[1]C1!$E:$G,3,FALSE))) -> BLK 6, PALM COAST MARINA, PARANAQUE | E32: =IFERROR(VLOOKUP(A32,[4]C1!$E:$S,15,FALSE),IFERROR(VLOOKUP(A32,[5]C1!$E:$T,16,FALSE),VLOOKUP(A32,[6]C1!$E:$T,16,FALSE))) -> 544752.43 | F32: 271.47 | G32: =IFERROR(VLOOKUP(A32,[4]C1!$E:$N,10,FALSE),IFERROR(VLOOKUP(A32,[5]C1!$E:$N,10,FALSE),VLOOKUP(A32,[6]C1!$E:$N,10,FALSE))) -> JSB | H32: JASPER BASTASA | I32: =IFERROR(VLOOKUP(A32,[4]C1!$E:$L,8,FALSE),IFERROR(VLOOKUP(A32,[5]C1!$E:$L,8,FALSE),VLOOKUP(A32,[6]C1!$E:$L,8,FALSE))) -> VJC | K32: 45736 | L32: ECI | M32: CSB | N32: =YEAR(IFERROR(VLOOKUP(A32,[4]C1!$E:$AA,23,FALSE),IFERROR(VLOOKUP(A32,[5]C1!$E:$AB,24,FALSE),VLOOKUP(A32,[6]C1!$E:$AB,23,FALSE)))) -> 2024 | P32: =IF(ISBLANK(O32),"NO","YES") -> NO | S32: 8 | T32: =IFERROR(VLOOKUP(A32,[4]C1!$E:$BH,56,FALSE),IFERROR(VLOOKUP(A32,[5]C1!$E:$BI,57,FALSE),VLOOKUP(A32,[6]C1!$E:$BI,56,FALSE))) -> 45584
A33: X24072668324 | B33: 'X24072668324', | C33: =IFERROR(VLOOKUP(A33,[1]C1!$E:$F,2,FALSE),IFERROR(VLOOKUP(A33,[2]C1!$E:$F,2,FALSE),VLOOKUP(A33,[3]C1!$E:$F,2,FALSE))) -> FODC-FIRST ORIENT DEVELOPMENT AND CONSTRUCTION COR | D33: =IFERROR(VLOOKUP(A33,[3]C1!$E:$G,3,FALSE),IFERROR(VLOOKUP(A33,[2]C1!$E:$G,3,FALSE),VLOOKUP(A33,[1]C1!$E:$G,3,FALSE))) -> PRES. M. ROXAS, TAMBO, PARANAQUE | E33: =IFERROR(VLOOKUP(A33,[4]C1!$E:$S,15,FALSE),IFERROR(VLOOKUP(A33,[5]C1!$E:$T,16,FALSE),VLOOKUP(A33,[6]C1!$E:$T,16,FALSE))) -> 35822.77 | F33: 52.63 | G33: =IFERROR(VLOOKUP(A33,[4]C1!$E:$N,10,FALSE),IFERROR(VLOOKUP(A33,[5]C1!$E:$N,10,FALSE),VLOOKUP(A33,[6]C1!$E:$N,10,FALSE))) -> JSB | H33: JASPER BASTASA | I33: =IFERROR(VLOOKUP(A33,[4]C1!$E:$L,8,FALSE),IFERROR(VLOOKUP(A33,[5]C1!$E:$L,8,FALSE),VLOOKUP(A33,[6]C1!$E:$L,8,FALSE))) -> VJC | K33: 45736 | L33: AGD | M33: CSB | N33: =YEAR(IFERROR(VLOOKUP(A33,[4]C1!$E:$AA,23,FALSE),IFERROR(VLOOKUP(A33,[5]C1!$E:$AB,24,FALSE),VLOOKUP(A33,[6]C1!$E:$AB,23,FALSE)))) -> 2024 | O33: 45769 | P33: =IF(ISBLANK(O33),"NO","YES") -> YES | Q33: 45847 | R33: NO BACKJOB | S33: 2 | T33: =IFERROR(VLOOKUP(A33,[4]C1!$E:$BH,56,FALSE),IFERROR(VLOOKUP(A33,[5]C1!$E:$BI,57,FALSE),VLOOKUP(A33,[6]C1!$E:$BI,56,FALSE))) -> 45556
A34: X21115170333 | B34: 'X21115170333', | C34: =IFERROR(VLOOKUP(A34,[1]C1!$E:$F,2,FALSE),IFERROR(VLOOKUP(A34,[2]C1!$E:$F,2,FALSE),VLOOKUP(A34,[3]C1!$E:$F,2,FALSE))) -> JOSE AGUSTO GUSTILO QUIMPO | D34: =IFERROR(VLOOKUP(A34,[3]C1!$E:$G,3,FALSE),IFERROR(VLOOKUP(A34,[2]C1!$E:$G,3,FALSE),VLOOKUP(A34,[1]C1!$E:$G,3,FALSE))) -> ST. JOSEPH, SAN JOSE SUBD, MUNTINLUPA | E34: =IFERROR(VLOOKUP(A34,[4]C1!$E:$S,15,FALSE),IFERROR(VLOOKUP(A34,[5]C1!$E:$T,16,FALSE),VLOOKUP(A34,[6]C1!$E:$T,16,FALSE))) -> 535717.03 | F34: 238.85 | G34: =IFERROR(VLOOKUP(A34,[4]C1!$E:$N,10,FALSE),IFERROR(VLOOKUP(A34,[5]C1!$E:$N,10,FALSE),VLOOKUP(A34,[6]C1!$E:$N,10,FALSE))) -> FMS | H34: FRANCIS MARC SANTOS | I34: =IFERROR(VLOOKUP(A34,[4]C1!$E:$L,8,FALSE),IFERROR(VLOOKUP(A34,[5]C1!$E:$L,8,FALSE),VLOOKUP(A34,[6]C1!$E:$L,8,FALSE))) -> POWERHOUSE | K34: 45736 | L34: ECI | M34: CSB | N34: =YEAR(IFERROR(VLOOKUP(A34,[4]C1!$E:$AA,23,FALSE),IFERROR(VLOOKUP(A34,[5]C1!$E:$AB,24,FALSE),VLOOKUP(A34,[6]C1!$E:$AB,23,FALSE)))) -> 2022 | O34: 45750 | P34: =IF(ISBLANK(O34),"NO","YES") -> YES | Q34: 45840 | R34: WITH BACKJOB | S34: 8 | T34: =IFERROR(VLOOKUP(A34,[4]C1!$E:$BH,56,FALSE),IFERROR(VLOOKUP(A34,[5]C1!$E:$BI,57,FALSE),VLOOKUP(A34,[6]C1!$E:$BI,56,FALSE))) -> 45476
A35: X24072541358 | B35: 'X24072541358', | C35: =IFERROR(VLOOKUP(A35,[1]C1!$E:$F,2,FALSE),IFERROR(VLOOKUP(A35,[2]C1!$E:$F,2,FALSE),VLOOKUP(A35,[3]C1!$E:$F,2,FALSE))) -> WILHOME DEVELOPMENT INC. | D35: =IFERROR(VLOOKUP(A35,[3]C1!$E:$G,3,FALSE),IFERROR(VLOOKUP(A35,[2]C1!$E:$G,3,FALSE),VLOOKUP(A35,[1]C1!$E:$G,3,FALSE))) -> MOLINO ROAD, MOLINO III, BACOOR | E35: =IFERROR(VLOOKUP(A35,[4]C1!$E:$S,15,FALSE),IFERROR(VLOOKUP(A35,[5]C1!$E:$T,16,FALSE),VLOOKUP(A35,[6]C1!$E:$T,15,FALSE))) -> 833293.59 | F35: 144.6 | G35: =IFERROR(VLOOKUP(A35,[4]C1!$E:$N,10,FALSE),IFERROR(VLOOKUP(A35,[5]C1!$E:$N,10,FALSE),VLOOKUP(A35,[6]C1!$E:$N,10,FALSE))) -> Jenneth Madrid | I35: =IFERROR(VLOOKUP(A35,[4]C1!$E:$L,8,FALSE),IFERROR(VLOOKUP(A35,[5]C1!$E:$L,8,FALSE),VLOOKUP(A35,[6]C1!$E:$L,8,FALSE))) -> POWERHOUSE | L35: AGD | N35: =YEAR(IFERROR(VLOOKUP(A35,[4]C1!$E:$AA,23,FALSE),IFERROR(VLOOKUP(A35,[5]C1!$E:$AB,24,FALSE),VLOOKUP(A35,[6]C1!$E:$AB,23,FALSE)))) -> 2025 | O35: 45776 | P35: =IF(ISBLANK(O35),"NO","YES") -> YES | Q35: 45792 | R35: NO BACKJOB | S35: 3 | T35: =IFERROR(VLOOKUP(A35,[4]C1!$E:$BH,56,FALSE),IFERROR(VLOOKUP(A35,[5]C1!$E:$BI,57,FALSE),VLOOKUP(A35,[6]C1!$E:$BI,56,FALSE))) -> 45706
A36: X24051934516 | B36: 'X24051934516', | C36: =IFERROR(VLOOKUP(A36,[1]C1!$E:$F,2,FALSE),IFERROR(VLOOKUP(A36,[2]C1!$E:$F,2,FALSE),VLOOKUP(A36,[3]C1!$E:$F,2,FALSE))) -> EPICUREAN PARTNERS EXCHANGE INC. | D36: =IFERROR(VLOOKUP(A36,[3]C1!$E:$G,3,FALSE),IFERROR(VLOOKUP(A36,[2]C1!$E:$G,3,FALSE),VLOOKUP(A36,[1]C1!$E:$G,3,FALSE))) -> NATIONAL, TUNASAN, MUNTINLUPA | E36: =IFERROR(VLOOKUP(A36,[4]C1!$E:$S,15,FALSE),IFERROR(VLOOKUP(A36,[5]C1!$E:$T,16,FALSE),VLOOKUP(A36,[6]C1!$E:$T,16,FALSE))) -> 828221.87 | F36: 146.17 | G36: =IFERROR(VLOOKUP(A36,[4]C1!$E:$N,10,FALSE),IFERROR(VLOOKUP(A36,[5]C1!$E:$N,10,FALSE),VLOOKUP(A36,[6]C1!$E:$N,10,FALSE))) -> JSP | H36: JEMUEL PERALTA | I36: =IFERROR(VLOOKUP(A36,[4]C1!$E:$L,8,FALSE),IFERROR(VLOOKUP(A36,[5]C1!$E:$L,8,FALSE),VLOOKUP(A36,[6]C1!$E:$L,8,FALSE))) -> CHALLENGER | K36: 45736 | L36: RAC | M36: NVP | N36: =YEAR(IFERROR(VLOOKUP(A36,[4]C1!$E:$AA,23,FALSE),IFERROR(VLOOKUP(A36,[5]C1!$E:$AB,24,FALSE),VLOOKUP(A36,[6]C1!$E:$AB,23,FALSE)))) -> 2024 | O36: 45743 | P36: =IF(ISBLANK(O36),"NO","YES") -> YES | Q36: 45755 | R36: WITH BACKJOB | S36: 3 | T36: =IFERROR(VLOOKUP(A36,[4]C1!$E:$BH,56,FALSE),IFERROR(VLOOKUP(A36,[5]C1!$E:$BI,57,FALSE),VLOOKUP(A36,[6]C1!$E:$BI,56,FALSE))) -> 45665
A37: X24041088653 | B37: 'X24041088653', | C37: =IFERROR(VLOOKUP(A37,[1]C1!$E:$F,2,FALSE),IFERROR(VLOOKUP(A37,[2]C1!$E:$F,2,FALSE),VLOOKUP(A37,[3]C1!$E:$F,2,FALSE))) -> GABRIEL AGUILA REYES | D37: =IFERROR(VLOOKUP(A37,[3]C1!$E:$G,3,FALSE),IFERROR(VLOOKUP(A37,[2]C1!$E:$G,3,FALSE),VLOOKUP(A37,[1]C1!$E:$G,3,FALSE))) -> BLOCK 10, BRAZILIA HEIGHTS, MUNTINLUPA | E37: =IFERROR(VLOOKUP(A37,[4]C1!$E:$S,15,FALSE),IFERROR(VLOOKUP(A37,[5]C1!$E:$T,16,FALSE),VLOOKUP(A37,[6]C1!$E:$T,16,FALSE))) -> 1365333.4 | F37: 493.75 | G37: =IFERROR(VLOOKUP(A37,[4]C1!$E:$N,10,FALSE),IFERROR(VLOOKUP(A37,[5]C1!$E:$N,10,FALSE),VLOOKUP(A37,[6]C1!$E:$N,10,FALSE))) -> JSP | H37: JEMUEL PERALTA | I37: =IFERROR(VLOOKUP(A37,[4]C1!$E:$L,8,FALSE),IFERROR(VLOOKUP(A37,[5]C1!$E:$L,8,FALSE),VLOOKUP(A37,[6]C1!$E:$L,8,FALSE))) -> CHALLENGER | K37: 45736 | L37: RAC | M37: NVP | N37: =YEAR(IFERROR(VLOOKUP(A37,[4]C1!$E:$AA,23,FALSE),IFERROR(VLOOKUP(A37,[5]C1!$E:$AB,24,FALSE),VLOOKUP(A37,[6]C1!$E:$AB,23,FALSE)))) -> 2024 | O37: 45775 | P37: =IF(ISBLANK(O37),"NO","YES") -> YES | Q37: 45791 | R37: WITH BACKJOB | S37: 18 | T37: =IFERROR(VLOOKUP(A37,[4]C1!$E:$BH,56,FALSE),IFERROR(VLOOKUP(A37,[5]C1!$E:$BI,57,FALSE),VLOOKUP(A37,[6]C1!$E:$BI,56,FALSE))) -> 45706
A38: X23093726087 | B38: 'X23093726087', | C38: =IFERROR(VLOOKUP(A38,[1]C1!$E:$F,2,FALSE),IFERROR(VLOOKUP(A38,[2]C1!$E:$F,2,FALSE),VLOOKUP(A38,[3]C1!$E:$F,2,FALSE))) -> CITY GOV'T OF LAS PIÑAS | D38: =IFERROR(VLOOKUP(A38,[3]C1!$E:$G,3,FALSE),IFERROR(VLOOKUP(A38,[2]C1!$E:$G,3,FALSE),VLOOKUP(A38,[1]C1!$E:$G,3,FALSE))) -> C5 EXTENSION, PULANGLUPA I, LAS PINAS CITY | E38: =IFERROR(VLOOKUP(A38,[4]C1!$E:$S,15,FALSE),IFERROR(VLOOKUP(A38,[5]C1!$E:$T,16,FALSE),VLOOKUP(A38,[6]C1!$E:$T,16,FALSE))) -> 2921763.9 | F38: 1039.42 | G38: =IFERROR(VLOOKUP(A38,[4]C1!$E:$N,10,FALSE),IFERROR(VLOOKUP(A38,[5]C1!$E:$N,10,FALSE),VLOOKUP(A38,[6]C1!$E:$N,10,FALSE))) -> JSP | H38: JEMUEL PERALTA | I38: =IFERROR(VLOOKUP(A38,[4]C1!$E:$L,8,FALSE),IFERROR(VLOOKUP(A38,[5]C1!$E:$L,8,FALSE),VLOOKUP(A38,[6]C1!$E:$L,8,FALSE))) -> CHALLENGER | K38: 45736 | L38: RAC | M38: NVP | N38: =YEAR(IFERROR(VLOOKUP(A38,[4]C1!$E:$AA,23,FALSE),IFERROR(VLOOKUP(A38,[5]C1!$E:$AB,24,FALSE),VLOOKUP(A38,[6]C1!$E:$AB,23,FALSE)))) -> 2024 | O38: 45742 | P38: =IF(ISBLANK(O38),"NO","YES") -> YES | Q38: 45771 | R38: WITH BACKJOB | S38: 26 | T38: =IFERROR(VLOOKUP(A38,[4]C1!$E:$BH,56,FALSE),IFERROR(VLOOKUP(A38,[5]C1!$E:$BI,57,FALSE),VLOOKUP(A38,[6]C1!$E:$BI,56,FALSE))) -> 45706
A39: X23124803010 | B39: 'X23124803010', | C39: =IFERROR(VLOOKUP(A39,[1]C1!$E:$F,2,FALSE),IFERROR(VLOOKUP(A39,[2]C1!$E:$F,2,FALSE),VLOOKUP(A39,[3]C1!$E:$F,2,FALSE))) -> MUBG REALTY CORP. | D39: =IFERROR(VLOOKUP(A39,[3]C1!$E:$G,3,FALSE),IFERROR(VLOOKUP(A39,[2]C1!$E:$G,3,FALSE),VLOOKUP(A39,[1]C1!$E:$G,3,FALSE))) -> QUIRINO, BACLARAN, PARANAQUE | E39: =IFERROR(VLOOKUP(A39,[4]C1!$E:$S,15,FALSE),IFERROR(VLOOKUP(A39,[5]C1!$E:$T,16,FALSE),VLOOKUP(A39,[6]C1!$E:$T,16,FALSE))) -> 639194.32 | F39: 79.55 | G39: =IFERROR(VLOOKUP(A39,[4]C1!$E:$N,10,FALSE),IFERROR(VLOOKUP(A39,[5]C1!$E:$N,10,FALSE),VLOOKUP(A39,[6]C1!$E:$N,10,FALSE))) -> JSP | H39: JEMUEL PERALTA | I39: =IFERROR(VLOOKUP(A39,[4]C1!$E:$L,8,FALSE),IFERROR(VLOOKUP(A39,[5]C1!$E:$L,8,FALSE),VLOOKUP(A39,[6]C1!$E:$L,8,FALSE))) -> CHALLENGER | J39: 45736 | K39: 45736 | L39: RAC | M39: NVP | N39: =YEAR(IFERROR(VLOOKUP(A39,[4]C1!$E:$AA,23,FALSE),IFERROR(VLOOKUP(A39,[5]C1!$E:$AB,24,FALSE),VLOOKUP(A39,[6]C1!$E:$AB,23,FALSE)))) -> 2024 | O39: 45792 | P39: =IF(ISBLANK(O39),"NO","YES") -> YES | Q39: 45817 | R39: NO BACKJOB | S39: 3 | T39: =IFERROR(VLOOKUP(A39,[4]C1!$E:$BH,56,FALSE),IFERROR(VLOOKUP(A39,[5]C1!$E:$BI,57,FALSE),VLOOKUP(A39,[6]C1!$E:$BI,56,FALSE))) -> 45733
A40: X24114405667 | B40: 'X24114405667', | C40: =IFERROR(VLOOKUP(A40,[1]C1!$E:$F,2,FALSE),IFERROR(VLOOKUP(A40,[2]C1!$E:$F,2,FALSE),VLOOKUP(A40,[3]C1!$E:$F,2,FALSE))) -> GREENKRAFT CORPORATION | D40: =IFERROR(VLOOKUP(A40,[3]C1!$E:$G,3,FALSE),IFERROR(VLOOKUP(A40,[2]C1!$E:$G,3,FALSE),VLOOKUP(A40,[1]C1!$E:$G,3,FALSE))) -> CHAMPACA, UNITED PQUE 4 SUBD, PARANAQUE | E40: =IFERROR(VLOOKUP(A40,[4]C1!$E:$S,15,FALSE),IFERROR(VLOOKUP(A40,[5]C1!$E:$T,16,FALSE),VLOOKUP(A40,[6]C1!$E:$T,16,FALSE))) -> 640840.51 | F40: 76.52 | G40: =IFERROR(VLOOKUP(A40,[4]C1!$E:$N,10,FALSE),IFERROR(VLOOKUP(A40,[5]C1!$E:$N,10,FALSE),VLOOKUP(A40,[6]C1!$E:$N,10,FALSE))) -> JSP | H40: JEMUEL PERALTA | I40: =IFERROR(VLOOKUP(A40,[4]C1!$E:$L,8,FALSE),IFERROR(VLOOKUP(A40,[5]C1!$E:$L,8,FALSE),VLOOKUP(A40,[6]C1!$E:$L,8,FALSE))) -> CHALLENGER | J40: 45736 | K40: 45736 | L40: RAC | M40: NVP | N40: =YEAR(IFERROR(VLOOKUP(A40,[4]C1!$E:$AA,23,FALSE),IFERROR(VLOOKUP(A40,[5]C1!$E:$AB,24,FALSE),VLOOKUP(A40,[6]C1!$E:$AB,23,FALSE)))) -> 2024 | O40: 45768 | P40: =IF(ISBLANK(O40),"NO","YES") -> YES | Q40: 45791 | R40: WITH BACKJOB | S40: 4 | T40: =IFERROR(VLOOKUP(A40,[4]C1!$E:$BH,56,FALSE),IFERROR(VLOOKUP(A40,[5]C1!$E:$BI,57,FALSE),VLOOKUP(A40,[6]C1!$E:$BI,56,FALSE))) -> 45727
A41: X23051529972 | B41: 'X23051529972', | C41: =IFERROR(VLOOKUP(A41,[1]C1!$E:$F,2,FALSE),IFERROR(VLOOKUP(A41,[2]C1!$E:$F,2,FALSE),VLOOKUP(A41,[3]C1!$E:$F,2,FALSE))) -> ERIC ANTHONY S CASTAÑEDA | D41: =IFERROR(VLOOKUP(A41,[3]C1!$E:$G,3,FALSE),IFERROR(VLOOKUP(A41,[2]C1!$E:$G,3,FALSE),VLOOKUP(A41,[1]C1!$E:$G,3,FALSE))) -> TIERRA NUEVA SUBD, MUNTINLUPA | E41: =IFERROR(VLOOKUP(A41,[4]C1!$E:$S,15,FALSE),IFERROR(VLOOKUP(A41,[5]C1!$E:$T,16,FALSE),VLOOKUP(A41,[6]C1!$E:$T,15,FALSE))) -> 363155.38 | F41: 88.23 | G41: =IFERROR(VLOOKUP(A41,[4]C1!$E:$N,10,FALSE),IFERROR(VLOOKUP(A41,[5]C1!$E:$N,10,FALSE),VLOOKUP(A41,[6]C1!$E:$N,10,FALSE))) -> Isan Carlo Lazaro | H41: ISAN CARLO LAZARO | I41: =IFERROR(VLOOKUP(A41,[4]C1!$E:$L,8,FALSE),IFERROR(VLOOKUP(A41,[5]C1!$E:$L,8,FALSE),VLOOKUP(A41,[6]C1!$E:$L,8,FALSE))) -> CHALLENGER | J41: 45736 | L41: ECI | N41: =YEAR(IFERROR(VLOOKUP(A41,[4]C1!$E:$AA,23,FALSE),IFERROR(VLOOKUP(A41,[5]C1!$E:$AB,24,FALSE),VLOOKUP(A41,[6]C1!$E:$AB,23,FALSE)))) -> 2025 | O41: 45838 | P41: =IF(ISBLANK(O41),"NO","YES") -> YES | Q41: 45855 | R41: WITH BACKJOB | S41: 3 | T41: =IFERROR(VLOOKUP(A41,[4]C1!$E:$BH,56,FALSE),IFERROR(VLOOKUP(A41,[5]C1!$E:$BI,57,FALSE),VLOOKUP(A41,[6]C1!$E:$BI,56,FALSE))) -> 45709
A42: X24104022999 | B42: 'X24104022999', | C42: =IFERROR(VLOOKUP(A42,[1]C1!$E:$F,2,FALSE),IFERROR(VLOOKUP(A42,[2]C1!$E:$F,2,FALSE),VLOOKUP(A42,[3]C1!$E:$F,2,FALSE))) -> DAHN BERGER PHILS. CONSTRUCTION CORPORATION | D42: =IFERROR(VLOOKUP(A42,[3]C1!$E:$G,3,FALSE),IFERROR(VLOOKUP(A42,[2]C1!$E:$G,3,FALSE),VLOOKUP(A42,[1]C1!$E:$G,3,FALSE))) -> DOÑA SOLEDAD, BETTER LIVING SUBD, PARANAQUE | E42: =IFERROR(VLOOKUP(A42,[4]C1!$E:$S,15,FALSE),IFERROR(VLOOKUP(A42,[5]C1!$E:$T,16,FALSE),VLOOKUP(A42,[6]C1!$E:$T,15,FALSE))) -> 140893 | F42: 250.75 | G42: =IFERROR(VLOOKUP(A42,[4]C1!$E:$N,10,FALSE),IFERROR(VLOOKUP(A42,[5]C1!$E:$N,10,FALSE),VLOOKUP(A42,[6]C1!$E:$N,10,FALSE))) -> Jenneth Madrid | H42: JENNETH MADRID | I42: =IFERROR(VLOOKUP(A42,[4]C1!$E:$L,8,FALSE),IFERROR(VLOOKUP(A42,[5]C1!$E:$L,8,FALSE),VLOOKUP(A42,[6]C1!$E:$L,8,FALSE))) -> VJC | J42: 45736 | K42: 45737 | L42: AGD | M42: CSB | N42: =YEAR(IFERROR(VLOOKUP(A42,[4]C1!$E:$AA,23,FALSE),IFERROR(VLOOKUP(A42,[5]C1!$E:$AB,24,FALSE),VLOOKUP(A42,[6]C1!$E:$AB,23,FALSE)))) -> 2025 | O42: 45755 | P42: =IF(ISBLANK(O42),"NO","YES") -> YES | Q42: 45758 | R42: NO BACKJOB | S42: 5 | T42: =IFERROR(VLOOKUP(A42,[4]C1!$E:$BH,56,FALSE),IFERROR(VLOOKUP(A42,[5]C1!$E:$BI,57,FALSE),VLOOKUP(A42,[6]C1!$E:$BI,56,FALSE))) -> 45709
A43: X24083434936 | B43: 'X24083434936', | C43: =IFERROR(VLOOKUP(A43,[1]C1!$E:$F,2,FALSE),IFERROR(VLOOKUP(A43,[2]C1!$E:$F,2,FALSE),VLOOKUP(A43,[3]C1!$E:$F,2,FALSE))) -> MAXIPRINTS INC. | D43: =IFERROR(VLOOKUP(A43,[3]C1!$E:$G,3,FALSE),IFERROR(VLOOKUP(A43,[2]C1!$E:$G,3,FALSE),VLOOKUP(A43,[1]C1!$E:$G,3,FALSE))) -> 1ST, TAGUIG BAGUMBAYAN INDL ASS INC, TAGUIG CITY | E43: =IFERROR(VLOOKUP(A43,[4]C1!$E:$S,15,FALSE),IFERROR(VLOOKUP(A43,[5]C1!$E:$T,16,FALSE),VLOOKUP(A43,[6]C1!$E:$T,15,FALSE))) -> 980297.45 | F43: 249.83 | G43: =IFERROR(VLOOKUP(A43,[4]C1!$E:$N,10,FALSE),IFERROR(VLOOKUP(A43,[5]C1!$E:$N,10,FALSE),VLOOKUP(A43,[6]C1!$E:$N,10,FALSE))) -> Jenneth Madrid | H43: JENNETH MADRID | I43: =IFERROR(VLOOKUP(A43,[4]C1!$E:$L,8,FALSE),IFERROR(VLOOKUP(A43,[5]C1!$E:$L,8,FALSE),VLOOKUP(A43,[6]C1!$E:$L,8,FALSE))) -> VJC | J43: 45736 | K43: 45737 | L43: AGD | M43: CSB | N43: =YEAR(IFERROR(VLOOKUP(A43,[4]C1!$E:$AA,23,FALSE),IFERROR(VLOOKUP(A43,[5]C1!$E:$AB,24,FALSE),VLOOKUP(A43,[6]C1!$E:$AB,23,FALSE)))) -> 2025 | O43: 45744 | P43: =IF(ISBLANK(O43),"NO","YES") -> YES | Q43: 45749 | R43: WITH BACKJOB | S43: 3 | T43: =IFERROR(VLOOKUP(A43,[4]C1!$E:$BH,56,FALSE),IFERROR(VLOOKUP(A43,[5]C1!$E:$BI,57,FALSE),VLOOKUP(A43,[6]C1!$E:$BI,56,FALSE))) -> 45719
A44: X24114634928 | B44: 'X24114634928', | C44: =IFERROR(VLOOKUP(A44,[1]C1!$E:$F,2,FALSE),IFERROR(VLOOKUP(A44,[2]C1!$E:$F,2,FALSE),VLOOKUP(A44,[3]C1!$E:$F,2,FALSE))) -> CHRISTOPHER JOSEPH REYES TSUI | D44: =IFERROR(VLOOKUP(A44,[3]C1!$E:$G,3,FALSE),IFERROR(VLOOKUP(A44,[2]C1!$E:$G,3,FALSE),VLOOKUP(A44,[1]C1!$E:$G,3,FALSE))) -> DAYAP LOOP TAMARIND COVE, AYALA-ALABANG VILL, MUNTINLUPA | E44: =IFERROR(VLOOKUP(A44,[4]C1!$E:$S,15,FALSE),IFERROR(VLOOKUP(A44,[5]C1!$E:$T,16,FALSE),VLOOKUP(A44,[6]C1!$E:$T,15,FALSE))) -> 177491.79 | F44: 55.53 | G44: =IFERROR(VLOOKUP(A44,[4]C1!$E:$N,10,FALSE),IFERROR(VLOOKUP(A44,[5]C1!$E:$N,10,FALSE),VLOOKUP(A44,[6]C1!$E:$N,10,FALSE))) -> Isan Carlo Lazaro | H44: ISAN CARLO LAZARO | I44: =IFERROR(VLOOKUP(A44,[4]C1!$E:$L,8,FALSE),IFERROR(VLOOKUP(A44,[5]C1!$E:$L,8,FALSE),VLOOKUP(A44,[6]C1!$E:$L,8,FALSE))) -> CHALLENGER | J44: 45736 | K44: 45736 | L44: ECI | N44: =YEAR(IFERROR(VLOOKUP(A44,[4]C1!$E:$AA,23,FALSE),IFERROR(VLOOKUP(A44,[5]C1!$E:$AB,24,FALSE),VLOOKUP(A44,[6]C1!$E:$AB,23,FALSE)))) -> 2025 | O44: 45748 | P44: =IF(ISBLANK(O44),"NO","YES") -> YES | Q44: / | R44: NO BACKJOB | S44: 2 | T44: =IFERROR(VLOOKUP(A44,[4]C1!$E:$BH,56,FALSE),IFERROR(VLOOKUP(A44,[5]C1!$E:$BI,57,FALSE),VLOOKUP(A44,[6]C1!$E:$BI,56,FALSE))) -> 45719
A45: X24114634882 | B45: 'X24114634882', | C45: =IFERROR(VLOOKUP(A45,[1]C1!$E:$F,2,FALSE),IFERROR(VLOOKUP(A45,[2]C1!$E:$F,2,FALSE),VLOOKUP(A45,[3]C1!$E:$F,2,FALSE))) -> CHRISTOPHER JOSEPH REYES TSUI | D45: =IFERROR(VLOOKUP(A45,[3]C1!$E:$G,3,FALSE),IFERROR(VLOOKUP(A45,[2]C1!$E:$G,3,FALSE),VLOOKUP(A45,[1]C1!$E:$G,3,FALSE))) -> DAYAP LOOP TAMARIND COVE, AYALA-ALABANG VILL, MUNTINLUPA | E45: =IFERROR(VLOOKUP(A45,[4]C1!$E:$S,15,FALSE),IFERROR(VLOOKUP(A45,[5]C1!$E:$T,16,FALSE),VLOOKUP(A45,[6]C1!$E:$T,15,FALSE))) -> 196704.22 | F45: 21.43 | G45: =IFERROR(VLOOKUP(A45,[4]C1!$E:$N,10,FALSE),IFERROR(VLOOKUP(A45,[5]C1!$E:$N,10,FALSE),VLOOKUP(A45,[6]C1!$E:$N,10,FALSE))) -> Isan Carlo Lazaro | H45: ISAN CARLO LAZARO | I45: =IFERROR(VLOOKUP(A45,[4]C1!$E:$L,8,FALSE),IFERROR(VLOOKUP(A45,[5]C1!$E:$L,8,FALSE),VLOOKUP(A45,[6]C1!$E:$L,8,FALSE))) -> CHALLENGER | J45: 45736 | K45: 45721 | L45: ECI | N45: =YEAR(IFERROR(VLOOKUP(A45,[4]C1!$E:$AA,23,FALSE),IFERROR(VLOOKUP(A45,[5]C1!$E:$AB,24,FALSE),VLOOKUP(A45,[6]C1!$E:$AB,23,FALSE)))) -> 2025 | O45: 45748 | P45: =IF(ISBLANK(O45),"NO","YES") -> YES | Q45: 45855 | R45: NO BACKJOB | S45: 2 | T45: =IFERROR(VLOOKUP(A45,[4]C1!$E:$BH,56,FALSE),IFERROR(VLOOKUP(A45,[5]C1!$E:$BI,57,FALSE),VLOOKUP(A45,[6]C1!$E:$BI,56,FALSE))) -> 45719
A46: X24041165850 | B46: 'X24041165850', | C46: =IFERROR(VLOOKUP(A46,[1]C1!$E:$F,2,FALSE),IFERROR(VLOOKUP(A46,[2]C1!$E:$F,2,FALSE),VLOOKUP(A46,[3]C1!$E:$F,2,FALSE))) -> DITO TELECOMMUNITY CORPORATION | D46: =IFERROR(VLOOKUP(A46,[3]C1!$E:$G,3,FALSE),IFERROR(VLOOKUP(A46,[2]C1!$E:$G,3,FALSE),VLOOKUP(A46,[1]C1!$E:$G,3,FALSE))) -> TUNASAN, MUNTINLUPA | E46: =IFERROR(VLOOKUP(A46,[4]C1!$E:$S,15,FALSE),IFERROR(VLOOKUP(A46,[5]C1!$E:$T,16,FALSE),VLOOKUP(A46,[6]C1!$E:$T,15,FALSE))) -> 1017553.4 | F46: 90.53 | G46: =IFERROR(VLOOKUP(A46,[4]C1!$E:$N,10,FALSE),IFERROR(VLOOKUP(A46,[5]C1!$E:$N,10,FALSE),VLOOKUP(A46,[6]C1!$E:$N,10,FALSE))) -> Isan Carlo Lazaro | H46: ISAN CARLO LAZARO | I46: =IFERROR(VLOOKUP(A46,[4]C1!$E:$L,8,FALSE),IFERROR(VLOOKUP(A46,[5]C1!$E:$L,8,FALSE),VLOOKUP(A46,[6]C1!$E:$L,8,FALSE))) -> CHALLENGER | J46: 45736 | K46: 45863 | L46: AGD | N46: =YEAR(IFERROR(VLOOKUP(A46,[4]C1!$E:$AA,23,FALSE),IFERROR(VLOOKUP(A46,[5]C1!$E:$AB,24,FALSE),VLOOKUP(A46,[6]C1!$E:$AB,23,FALSE)))) -> 2025 | O46: 45863 | P46: =IF(ISBLANK(O46),"NO","YES") -> YES | Q46: 45869 | R46: WITH BACKJOB | S46: 3 | T46: =IFERROR(VLOOKUP(A46,[4]C1!$E:$BH,56,FALSE),IFERROR(VLOOKUP(A46,[5]C1!$E:$BI,57,FALSE),VLOOKUP(A46,[6]C1!$E:$BI,56,FALSE))) -> 45715
A47: X24083108742 | B47: 'X24083108742', | C47: =IFERROR(VLOOKUP(A47,[1]C1!$E:$F,2,FALSE),IFERROR(VLOOKUP(A47,[2]C1!$E:$F,2,FALSE),VLOOKUP(A47,[3]C1!$E:$F,2,FALSE))) -> GLENDA G ADEFUIN | D47: =IFERROR(VLOOKUP(A47,[3]C1!$E:$G,3,FALSE),IFERROR(VLOOKUP(A47,[2]C1!$E:$G,3,FALSE),VLOOKUP(A47,[1]C1!$E:$G,3,FALSE))) -> BLOCK 2, PATIO HOMES SUBD, MUNTINLUPA | E47: =IFERROR(VLOOKUP(A47,[4]C1!$E:$S,15,FALSE),IFERROR(VLOOKUP(A47,[5]C1!$E:$T,16,FALSE),VLOOKUP(A47,[6]C1!$E:$T,15,FALSE))) -> 407351.66 | F47: 110.25 | G47: =IFERROR(VLOOKUP(A47,[4]C1!$E:$N,10,FALSE),IFERROR(VLOOKUP(A47,[5]C1!$E:$N,10,FALSE),VLOOKUP(A47,[6]C1!$E:$N,10,FALSE))) -> Isan Carlo Lazaro | H47: ISAN CARLO LAZARO | I47: =IFERROR(VLOOKUP(A47,[4]C1!$E:$L,8,FALSE),IFERROR(VLOOKUP(A47,[5]C1!$E:$L,8,FALSE),VLOOKUP(A47,[6]C1!$E:$L,8,FALSE))) -> CHALLENGER | J47: 45736 | K47: 45839 | L47: ECI | N47: =YEAR(IFERROR(VLOOKUP(A47,[4]C1!$E:$AA,23,FALSE),IFERROR(VLOOKUP(A47,[5]C1!$E:$AB,24,FALSE),VLOOKUP(A47,[6]C1!$E:$AB,23,FALSE)))) -> 2025 | O47: 45839 | P47: =IF(ISBLANK(O47),"NO","YES") -> YES | Q47: 45868 | R47: WITH BACKJOB | S47: 4 | T47: =IFERROR(VLOOKUP(A47,[4]C1!$E:$BH,56,FALSE),IFERROR(VLOOKUP(A47,[5]C1!$E:$BI,57,FALSE),VLOOKUP(A47,[6]C1!$E:$BI,56,FALSE))) -> 45719
A48: X24072854687 | B48: 'X24072854687', | C48: =IFERROR(VLOOKUP(A48,[1]C1!$E:$F,2,FALSE),IFERROR(VLOOKUP(A48,[2]C1!$E:$F,2,FALSE),VLOOKUP(A48,[3]C1!$E:$F,2,FALSE))) -> MALILIN O. RICSENIA | D48: =IFERROR(VLOOKUP(A48,[3]C1!$E:$G,3,FALSE),IFERROR(VLOOKUP(A48,[2]C1!$E:$G,3,FALSE),VLOOKUP(A48,[1]C1!$E:$G,3,FALSE))) -> BLOCK 12, BETTER LIVING ANX31 SUBD, PARANAQUE | E48: =IFERROR(VLOOKUP(A48,[4]C1!$E:$S,15,FALSE),IFERROR(VLOOKUP(A48,[5]C1!$E:$T,16,FALSE),VLOOKUP(A48,[6]C1!$E:$T,15,FALSE))) -> 176013.59 | F48: 72.53 | G48: =IFERROR(VLOOKUP(A48,[4]C1!$E:$N,10,FALSE),IFERROR(VLOOKUP(A48,[5]C1!$E:$N,10,FALSE),VLOOKUP(A48,[6]C1!$E:$N,10,FALSE))) -> Jenneth Madrid | H48: JENNETH MADRID | I48: =IFERROR(VLOOKUP(A48,[4]C1!$E:$L,8,FALSE),IFERROR(VLOOKUP(A48,[5]C1!$E:$L,8,FALSE),VLOOKUP(A48,[6]C1!$E:$L,8,FALSE))) -> VJC | J48: 45736 | K48: 45737 | L48: AGD | M48: CSB | N48: =YEAR(IFERROR(VLOOKUP(A48,[4]C1!$E:$AA,23,FALSE),IFERROR(VLOOKUP(A48,[5]C1!$E:$AB,24,FALSE),VLOOKUP(A48,[6]C1!$E:$AB,23,FALSE)))) -> 2025 | O48: 45755 | P48: =IF(ISBLANK(O48),"NO","YES") -> YES | Q48: 45840 | R48: WITH BACKJOB | S48: 4 | T48: =IFERROR(VLOOKUP(A48,[4]C1!$E:$BH,56,FALSE),IFERROR(VLOOKUP(A48,[5]C1!$E:$BI,57,FALSE),VLOOKUP(A48,[6]C1!$E:$BI,56,FALSE))) -> 45719
A49: X24103955636 | B49: 'X24103955636', | C49: =IFERROR(VLOOKUP(A49,[1]C1!$E:$F,2,FALSE),IFERROR(VLOOKUP(A49,[2]C1!$E:$F,2,FALSE),VLOOKUP(A49,[3]C1!$E:$F,2,FALSE))) -> DELECTABLE FEAST CORPORATION | D49: =IFERROR(VLOOKUP(A49,[3]C1!$E:$G,3,FALSE),IFERROR(VLOOKUP(A49,[2]C1!$E:$G,3,FALSE),VLOOKUP(A49,[1]C1!$E:$G,3,FALSE))) -> AGUIRRE, BF HOMES, PARANAQUE | E49: =IFERROR(VLOOKUP(A49,[4]C1!$E:$S,15,FALSE),IFERROR(VLOOKUP(A49,[5]C1!$E:$T,16,FALSE),VLOOKUP(A49,[6]C1!$E:$T,15,FALSE))) -> 381005.41 | F49: 71.57 | G49: =IFERROR(VLOOKUP(A49,[4]C1!$E:$N,10,FALSE),IFERROR(VLOOKUP(A49,[5]C1!$E:$N,10,FALSE),VLOOKUP(A49,[6]C1!$E:$N,10,FALSE))) -> Isan Carlo Lazaro | H49: ISAN CARLO LAZARO | I49: =IFERROR(VLOOKUP(A49,[4]C1!$E:$L,8,FALSE),IFERROR(VLOOKUP(A49,[5]C1!$E:$L,8,FALSE),VLOOKUP(A49,[6]C1!$E:$L,8,FALSE))) -> CHALLENGER | J49: 45736 | K49: 45737 | L49: AGD | M49: CSB | N49: =YEAR(IFERROR(VLOOKUP(A49,[4]C1!$E:$AA,23,FALSE),IFERROR(VLOOKUP(A49,[5]C1!$E:$AB,24,FALSE),VLOOKUP(A49,[6]C1!$E:$AB,23,FALSE)))) -> 2025 | O49: 45737 | P49: =IF(ISBLANK(O49),"NO","YES") -> YES | Q49: 45863 | R49: WITH BACKJOB | S49: 3 | T49: =IFERROR(VLOOKUP(A49,[4]C1!$E:$BH,56,FALSE),IFERROR(VLOOKUP(A49,[5]C1!$E:$BI,57,FALSE),VLOOKUP(A49,[6]C1!$E:$BI,56,FALSE))) -> 45709
A50: X23114603408 | B50: 'X23114603408', | C50: =IFERROR(VLOOKUP(A50,[1]C1!$E:$F,2,FALSE),IFERROR(VLOOKUP(A50,[2]C1!$E:$F,2,FALSE),VLOOKUP(A50,[3]C1!$E:$F,2,FALSE))) -> GILBERT CLAIRE O REALICA | D50: =IFERROR(VLOOKUP(A50,[3]C1!$E:$G,3,FALSE),IFERROR(VLOOKUP(A50,[2]C1!$E:$G,3,FALSE),VLOOKUP(A50,[1]C1!$E:$G,3,FALSE))) -> APO, AYALA-ALABANG VILL, MUNTINLUPA | E50: =IFERROR(VLOOKUP(A50,[4]C1!$E:$S,15,FALSE),IFERROR(VLOOKUP(A50,[5]C1!$E:$T,16,FALSE),VLOOKUP(A50,[6]C1!$E:$T,15,FALSE))) -> 448826.37 | F50: 132.85 | G50: =IFERROR(VLOOKUP(A50,[4]C1!$E:$N,10,FALSE),IFERROR(VLOOKUP(A50,[5]C1!$E:$N,10,FALSE),VLOOKUP(A50,[6]C1!$E:$N,10,FALSE))) -> Ronilo Gange Jr. | H50: RONILO JR GANGE | I50: =IFERROR(VLOOKUP(A50,[4]C1!$E:$L,8,FALSE),IFERROR(VLOOKUP(A50,[5]C1!$E:$L,8,FALSE),VLOOKUP(A50,[6]C1!$E:$L,8,FALSE))) -> ECOM | J50: 45736 | K50: 45806 | L50: ECI | M50: CSB | N50: =YEAR(IFERROR(VLOOKUP(A50,[4]C1!$E:$AA,23,FALSE),IFERROR(VLOOKUP(A50,[5]C1!$E:$AB,24,FALSE),VLOOKUP(A50,[6]C1!$E:$AB,23,FALSE)))) -> 2025 | O50: 45807 | P50: =IF(ISBLANK(O50),"NO","YES") -> YES | Q50: 45866 | R50: WITH BACKJOB | S50: 3 | T50: =IFERROR(VLOOKUP(A50,[4]C1!$E:$BH,56,FALSE),IFERROR(VLOOKUP(A50,[5]C1!$E:$BI,57,FALSE),VLOOKUP(A50,[6]C1!$E:$BI,56,FALSE))) -> 0
A51: X24093720779 | B51: 'X24093720779', | C51: =IFERROR(VLOOKUP(A51,[1]C1!$E:$F,2,FALSE),IFERROR(VLOOKUP(A51,[2]C1!$E:$F,2,FALSE),VLOOKUP(A51,[3]C1!$E:$F,2,FALSE))) -> DITO TELECOMMUNITY CORPORATION | D51: 11 | E51: =IFERROR(VLOOKUP(A51,[4]C1!$E:$S,15,FALSE),IFERROR(VLOOKUP(A51,[5]C1!$E:$T,16,FALSE),VLOOKUP(A51,[6]C1!$E:$T,16,FALSE))) -> 153039.91 | F51: 20.9 | G51: =IFERROR(VLOOKUP(A51,[4]C1!$E:$N,10,FALSE),IFERROR(VLOOKUP(A51,[5]C1!$E:$N,10,FALSE),VLOOKUP(A51,[6]C1!$E:$N,10,FALSE))) -> JMM | H51: JENNETH MADRID | I51: =IFERROR(VLOOKUP(A51,[4]C1!$E:$L,8,FALSE),IFERROR(VLOOKUP(A51,[5]C1!$E:$L,8,FALSE),VLOOKUP(A51,[6]C1!$E:$L,8,FALSE))) -> VJC | K51: 45737 | L51: AGD | M51: CSB | N51: =YEAR(IFERROR(VLOOKUP(A51,[4]C1!$E:$AA,23,FALSE),IFERROR(VLOOKUP(A51,[5]C1!$E:$AB,24,FALSE),VLOOKUP(A51,[6]C1!$E:$AB,23,FALSE)))) -> 2024 | O51: 45743 | P51: =IF(ISBLANK(O51),"NO","YES") -> YES | Q51: 45755 | R51: NO BACKJOB | S51: 3 | T51: =IFERROR(VLOOKUP(A51,[4]C1!$E:$BH,56,FALSE),IFERROR(VLOOKUP(A51,[5]C1!$E:$BI,57,FALSE),VLOOKUP(A51,[6]C1!$E:$BI,56,FALSE))) -> 45708
A52: X24051839872 | B52: 'X24051839872', | C52: =IFERROR(VLOOKUP(A52,[1]C1!$E:$F,2,FALSE),IFERROR(VLOOKUP(A52,[2]C1!$E:$F,2,FALSE),VLOOKUP(A52,[3]C1!$E:$F,2,FALSE))) -> JULIO MAXIMINA JM MENDOZA REALTY, INC. | D52: =IFERROR(VLOOKUP(A52,[3]C1!$E:$G,3,FALSE),IFERROR(VLOOKUP(A52,[2]C1!$E:$G,3,FALSE),VLOOKUP(A52,[1]C1!$E:$G,3,FALSE))) -> DOÑA SOLEDAD, BETTER LIVING SUBD, PARANAQUE | E52: =IFERROR(VLOOKUP(A52,[4]C1!$E:$S,15,FALSE),IFERROR(VLOOKUP(A52,[5]C1!$E:$T,16,FALSE),VLOOKUP(A52,[6]C1!$E:$T,16,FALSE))) -> 615322.01 | F52: 117.67 | G52: =IFERROR(VLOOKUP(A52,[4]C1!$E:$N,10,FALSE),IFERROR(VLOOKUP(A52,[5]C1!$E:$N,10,FALSE),VLOOKUP(A52,[6]C1!$E:$N,10,FALSE))) -> JMM | H52: JENNETH MADRID | I52: =IFERROR(VLOOKUP(A52,[4]C1!$E:$L,8,FALSE),IFERROR(VLOOKUP(A52,[5]C1!$E:$L,8,FALSE),VLOOKUP(A52,[6]C1!$E:$L,8,FALSE))) -> VJC | K52: 45737 | L52: AGD | M52: CSB | N52: =YEAR(IFERROR(VLOOKUP(A52,[4]C1!$E:$AA,23,FALSE),IFERROR(VLOOKUP(A52,[5]C1!$E:$AB,24,FALSE),VLOOKUP(A52,[6]C1!$E:$AB,23,FALSE)))) -> 2024 | O52: 45743 | P52: =IF(ISBLANK(O52),"NO","YES") -> YES | Q52: 45755 | R52: NO BACKJOB | S52: 3 | T52: =IFERROR(VLOOKUP(A52,[4]C1!$E:$BH,56,FALSE),IFERROR(VLOOKUP(A52,[5]C1!$E:$BI,57,FALSE),VLOOKUP(A52,[6]C1!$E:$BI,56,FALSE))) -> 45708
A53: X24020533373 | B53: 'X24020533373', | C53: =IFERROR(VLOOKUP(A53,[1]C1!$E:$F,2,FALSE),IFERROR(VLOOKUP(A53,[2]C1!$E:$F,2,FALSE),VLOOKUP(A53,[3]C1!$E:$F,2,FALSE))) -> GRUPPO SACHIN & SACHIN CO. | D53: =IFERROR(VLOOKUP(A53,[3]C1!$E:$G,3,FALSE),IFERROR(VLOOKUP(A53,[2]C1!$E:$G,3,FALSE),VLOOKUP(A53,[1]C1!$E:$G,3,FALSE))) -> SAN VICTORES, SEACOM CPD, PARANAQUE | E53: =IFERROR(VLOOKUP(A53,[4]C1!$E:$S,15,FALSE),IFERROR(VLOOKUP(A53,[5]C1!$E:$T,16,FALSE),VLOOKUP(A53,[6]C1!$E:$T,15,FALSE))) -> 178449.2 | F53: 23.78 | G53: =IFERROR(VLOOKUP(A53,[4]C1!$E:$N,10,FALSE),IFERROR(VLOOKUP(A53,[5]C1!$E:$N,10,FALSE),VLOOKUP(A53,[6]C1!$E:$N,10,FALSE))) -> Jenneth Madrid | H53: JENNETH MADRID | I53: =IFERROR(VLOOKUP(A53,[4]C1!$E:$L,8,FALSE),IFERROR(VLOOKUP(A53,[5]C1!$E:$L,8,FALSE),VLOOKUP(A53,[6]C1!$E:$L,8,FALSE))) -> VJC | J53: 45736 | K53: 45737 | L53: AGD | M53: CSB | N53: =YEAR(IFERROR(VLOOKUP(A53,[4]C1!$E:$AA,23,FALSE),IFERROR(VLOOKUP(A53,[5]C1!$E:$AB,24,FALSE),VLOOKUP(A53,[6]C1!$E:$AB,23,FALSE)))) -> 2025 | O53: 45743 | P53: =IF(ISBLANK(O53),"NO","YES") -> YES | Q53: 45755 | R53: WITH BACKJOB | S53: 3 | T53: =IFERROR(VLOOKUP(A53,[4]C1!$E:$BH,56,FALSE),IFERROR(VLOOKUP(A53,[5]C1!$E:$BI,57,FALSE),VLOOKUP(A53,[6]C1!$E:$BI,56,FALSE))) -> 45719
A54: X24073016208 | B54: 'X24073016208', | C54: =IFERROR(VLOOKUP(A54,[1]C1!$E:$F,2,FALSE),IFERROR(VLOOKUP(A54,[2]C1!$E:$F,2,FALSE),VLOOKUP(A54,[3]C1!$E:$F,2,FALSE))) -> KISE GAYLE RAMOS TANG | D54: =IFERROR(VLOOKUP(A54,[3]C1!$E:$G,3,FALSE),IFERROR(VLOOKUP(A54,[2]C1!$E:$G,3,FALSE),VLOOKUP(A54,[1]C1!$E:$G,3,FALSE))) -> COUNTRY CLUB, AYALA-ALABANG VILL, MUNTINLUPA | E54: =IFERROR(VLOOKUP(A54,[4]C1!$E:$S,15,FALSE),IFERROR(VLOOKUP(A54,[5]C1!$E:$T,16,FALSE),VLOOKUP(A54,[6]C1!$E:$T,15,FALSE))) -> 1564214.3 | F54: 385.32 | G54: =IFERROR(VLOOKUP(A54,[4]C1!$E:$N,10,FALSE),IFERROR(VLOOKUP(A54,[5]C1!$E:$N,10,FALSE),VLOOKUP(A54,[6]C1!$E:$N,10,FALSE))) -> Jemuel Peralta | H54: JEMUEL PERALTA | I54: =IFERROR(VLOOKUP(A54,[4]C1!$E:$L,8,FALSE),IFERROR(VLOOKUP(A54,[5]C1!$E:$L,8,FALSE),VLOOKUP(A54,[6]C1!$E:$L,8,FALSE))) -> CHALLENGER | J54: 45736 | K54: 45766 | L54: RAC | N54: =YEAR(IFERROR(VLOOKUP(A54,[4]C1!$E:$AA,23,FALSE),IFERROR(VLOOKUP(A54,[5]C1!$E:$AB,24,FALSE),VLOOKUP(A54,[6]C1!$E:$AB,23,FALSE)))) -> 2025 | O54: 45796 | P54: =IF(ISBLANK(O54),"NO","YES") -> YES | Q54: 45817 | R54: WITH BACKJOB | S54: 5 | T54: =IFERROR(VLOOKUP(A54,[4]C1!$E:$BH,56,FALSE),IFERROR(VLOOKUP(A54,[5]C1!$E:$BI,57,FALSE),VLOOKUP(A54,[6]C1!$E:$BI,56,FALSE))) -> 45706
A55: X24072803104 | B55: 'X24072803104', | C55: =IFERROR(VLOOKUP(A55,[1]C1!$E:$F,2,FALSE),IFERROR(VLOOKUP(A55,[2]C1!$E:$F,2,FALSE),VLOOKUP(A55,[3]C1!$E:$F,2,FALSE))) -> PATRICK SOON NGO | D55: =IFERROR(VLOOKUP(A55,[3]C1!$E:$G,3,FALSE),IFERROR(VLOOKUP(A55,[2]C1!$E:$G,3,FALSE),VLOOKUP(A55,[1]C1!$E:$G,3,FALSE))) -> AZUCENA, BF HOMES, PARANAQUE | E55: =IFERROR(VLOOKUP(A55,[4]C1!$E:$S,15,FALSE),IFERROR(VLOOKUP(A55,[5]C1!$E:$T,16,FALSE),VLOOKUP(A55,[6]C1!$E:$T,15,FALSE))) -> 479799.06 | F55: 190.9 | G55: =IFERROR(VLOOKUP(A55,[4]C1!$E:$N,10,FALSE),IFERROR(VLOOKUP(A55,[5]C1!$E:$N,10,FALSE),VLOOKUP(A55,[6]C1!$E:$N,10,FALSE))) -> Isan Carlo Lazaro | H55: ISAN CARLO LAZARO | I55: =IFERROR(VLOOKUP(A55,[4]C1!$E:$L,8,FALSE),IFERROR(VLOOKUP(A55,[5]C1!$E:$L,8,FALSE),VLOOKUP(A55,[6]C1!$E:$L,8,FALSE))) -> CHALLENGER | J55: 45736 | K55: 45737 | L55: ECI | M55: CSB | N55: =YEAR(IFERROR(VLOOKUP(A55,[4]C1!$E:$AA,23,FALSE),IFERROR(VLOOKUP(A55,[5]C1!$E:$AB,24,FALSE),VLOOKUP(A55,[6]C1!$E:$AB,23,FALSE)))) -> 2025 | O55: 45748 | P55: =IF(ISBLANK(O55),"NO","YES") -> YES | Q55: 45817 | R55: WITH BACKJOB | S55: 9 | T55: =IFERROR(VLOOKUP(A55,[4]C1!$E:$BH,56,FALSE),IFERROR(VLOOKUP(A55,[5]C1!$E:$BI,57,FALSE),VLOOKUP(A55,[6]C1!$E:$BI,56,FALSE))) -> 45715
A56: X24083395699 | B56: 'X24083395699', | C56: =IFERROR(VLOOKUP(A56,[1]C1!$E:$F,2,FALSE),IFERROR(VLOOKUP(A56,[2]C1!$E:$F,2,FALSE),VLOOKUP(A56,[3]C1!$E:$F,2,FALSE))) -> PETRON CORPORATION | D56: =IFERROR(VLOOKUP(A56,[3]C1!$E:$G,3,FALSE),IFERROR(VLOOKUP(A56,[2]C1!$E:$G,3,FALSE),VLOOKUP(A56,[1]C1!$E:$G,3,FALSE))) -> ALABANG-ZAPOTE, TALON II, LAS PINAS CITY | E56: =IFERROR(VLOOKUP(A56,[4]C1!$E:$S,15,FALSE),IFERROR(VLOOKUP(A56,[5]C1!$E:$T,16,FALSE),VLOOKUP(A56,[6]C1!$E:$T,16,FALSE))) -> 559454.47 | F56: 121.68 | G56: =IFERROR(VLOOKUP(A56,[4]C1!$E:$N,10,FALSE),IFERROR(VLOOKUP(A56,[5]C1!$E:$N,10,FALSE),VLOOKUP(A56,[6]C1!$E:$N,10,FALSE))) -> JSP | H56: JEMUEL PERALTA | I56: =IFERROR(VLOOKUP(A56,[4]C1!$E:$L,8,FALSE),IFERROR(VLOOKUP(A56,[5]C1!$E:$L,8,FALSE),VLOOKUP(A56,[6]C1!$E:$L,8,FALSE))) -> CHALLENGER | L56: RAC | N56: =YEAR(IFERROR(VLOOKUP(A56,[4]C1!$E:$AA,23,FALSE),IFERROR(VLOOKUP(A56,[5]C1!$E:$AB,24,FALSE),VLOOKUP(A56,[6]C1!$E:$AB,23,FALSE)))) -> 2024 | O56: 45733 | P56: =IF(ISBLANK(O56),"NO","YES") -> YES | Q56: 45737 | R56: NO BACKJOB | S56: 3 | T56: =IFERROR(VLOOKUP(A56,[4]C1!$E:$BH,56,FALSE),IFERROR(VLOOKUP(A56,[5]C1!$E:$BI,57,FALSE),VLOOKUP(A56,[6]C1!$E:$BI,56,FALSE))) -> 45631
A57: X22062802760 | B57: 'X22062802760', | C57: =IFERROR(VLOOKUP(A57,[1]C1!$E:$F,2,FALSE),IFERROR(VLOOKUP(A57,[2]C1!$E:$F,2,FALSE),VLOOKUP(A57,[3]C1!$E:$F,2,FALSE))) -> AMELITA LEVISTE DE LEON | D57: =IFERROR(VLOOKUP(A57,[3]C1!$E:$G,3,FALSE),IFERROR(VLOOKUP(A57,[2]C1!$E:$G,3,FALSE),VLOOKUP(A57,[1]C1!$E:$G,3,FALSE))) -> MJS, LEVITOWN ESTATE, PARANAQUE | E57: =IFERROR(VLOOKUP(A57,[4]C1!$E:$S,15,FALSE),IFERROR(VLOOKUP(A57,[5]C1!$E:$T,16,FALSE),VLOOKUP(A57,[6]C1!$E:$T,16,FALSE))) -> 361983.18 | F57: 100.42 | G57: =IFERROR(VLOOKUP(A57,[4]C1!$E:$N,10,FALSE),IFERROR(VLOOKUP(A57,[5]C1!$E:$N,10,FALSE),VLOOKUP(A57,[6]C1!$E:$N,10,FALSE))) -> JSP | H57: JEMUEL PERALTA | I57: =IFERROR(VLOOKUP(A57,[4]C1!$E:$L,8,FALSE),IFERROR(VLOOKUP(A57,[5]C1!$E:$L,8,FALSE),VLOOKUP(A57,[6]C1!$E:$L,8,FALSE))) -> POWERHOUSE | J57: 45740 | K57: 45740 | L57: RAC | M57: CSB | N57: =YEAR(IFERROR(VLOOKUP(A57,[4]C1!$E:$AA,23,FALSE),IFERROR(VLOOKUP(A57,[5]C1!$E:$AB,24,FALSE),VLOOKUP(A57,[6]C1!$E:$AB,23,FALSE)))) -> 2023 | O57: 45832 | P57: =IF(ISBLANK(O57),"NO","YES") -> YES | Q57: 45855 | R57: NO BACKJOB | S57: 4 | T57: =IFERROR(VLOOKUP(A57,[4]C1!$E:$BH,56,FALSE),IFERROR(VLOOKUP(A57,[5]C1!$E:$BI,57,FALSE),VLOOKUP(A57,[6]C1!$E:$BI,56,FALSE))) -> 45612
A58: X22073241382 | B58: 'X22073241382', | C58: =IFERROR(VLOOKUP(A58,[1]C1!$E:$F,2,FALSE),IFERROR(VLOOKUP(A58,[2]C1!$E:$F,2,FALSE),VLOOKUP(A58,[3]C1!$E:$F,2,FALSE))) -> AYALA LAND, INC., | D58: =IFERROR(VLOOKUP(A58,[3]C1!$E:$G,3,FALSE),IFERROR(VLOOKUP(A58,[2]C1!$E:$G,3,FALSE),VLOOKUP(A58,[1]C1!$E:$G,3,FALSE))) -> BLOCK 2A, AVIDA VERRA SETTINGS VERMOSA, IMUS | E58: =IFERROR(VLOOKUP(A58,[4]C1!$E:$S,15,FALSE),IFERROR(VLOOKUP(A58,[5]C1!$E:$T,16,FALSE),VLOOKUP(A58,[6]C1!$E:$T,16,FALSE))) -> 67459.32 | F58: 42.07 | G58: =IFERROR(VLOOKUP(A58,[4]C1!$E:$N,10,FALSE),IFERROR(VLOOKUP(A58,[5]C1!$E:$N,10,FALSE),VLOOKUP(A58,[6]C1!$E:$N,10,FALSE))) -> RHM | H58: REYZON MATIENZO | I58: =IFERROR(VLOOKUP(A58,[4]C1!$E:$L,8,FALSE),IFERROR(VLOOKUP(A58,[5]C1!$E:$L,8,FALSE),VLOOKUP(A58,[6]C1!$E:$L,8,FALSE))) -> CHALLENGER | J58: 45740 | K58: 45740 | L58: RPR | M58: CSB | N58: =YEAR(IFERROR(VLOOKUP(A58,[4]C1!$E:$AA,23,FALSE),IFERROR(VLOOKUP(A58,[5]C1!$E:$AB,24,FALSE),VLOOKUP(A58,[6]C1!$E:$AB,23,FALSE)))) -> 2022 | O58: 45797 | P58: =IF(ISBLANK(O58),"NO","YES") -> YES | Q58: 45855 | R58: WITH BACKJOB | S58: 1 | T58: =IFERROR(VLOOKUP(A58,[4]C1!$E:$BH,56,FALSE),IFERROR(VLOOKUP(A58,[5]C1!$E:$BI,57,FALSE),VLOOKUP(A58,[6]C1!$E:$BI,56,FALSE))) -> 44988
A59: X24010080234 | B59: 'X24010080234', | C59: =IFERROR(VLOOKUP(A59,[1]C1!$E:$F,2,FALSE),IFERROR(VLOOKUP(A59,[2]C1!$E:$F,2,FALSE),VLOOKUP(A59,[3]C1!$E:$F,2,FALSE))) -> EMMANUEL C. CABIGAS | D59: =IFERROR(VLOOKUP(A59,[3]C1!$E:$G,3,FALSE),IFERROR(VLOOKUP(A59,[2]C1!$E:$G,3,FALSE),VLOOKUP(A59,[1]C1!$E:$G,3,FALSE))) -> M. GATMAITAN, KATARUNGAN VILLAGE, MUNTINLUPA | E59: =IFERROR(VLOOKUP(A59,[4]C1!$E:$S,15,FALSE),IFERROR(VLOOKUP(A59,[5]C1!$E:$T,16,FALSE),VLOOKUP(A59,[6]C1!$E:$T,16,FALSE))) -> 528001.63 | F59: 153.45 | G59: =IFERROR(VLOOKUP(A59,[4]C1!$E:$N,10,FALSE),IFERROR(VLOOKUP(A59,[5]C1!$E:$N,10,FALSE),VLOOKUP(A59,[6]C1!$E:$N,10,FALSE))) -> JSP | H59: JEMUEL PERALTA | I59: =IFERROR(VLOOKUP(A59,[4]C1!$E:$L,8,FALSE),IFERROR(VLOOKUP(A59,[5]C1!$E:$L,8,FALSE),VLOOKUP(A59,[6]C1!$E:$L,8,FALSE))) -> CHALLENGER | J59: 45740 | K59: 45740 | L59: RAC | M59: CSB | N59: =YEAR(IFERROR(VLOOKUP(A59,[4]C1!$E:$AA,23,FALSE),IFERROR(VLOOKUP(A59,[5]C1!$E:$AB,24,FALSE),VLOOKUP(A59,[6]C1!$E:$AB,23,FALSE)))) -> 2024 | P59: =IF(ISBLANK(O59),"NO","YES") -> NO | S59: 6 | T59: =IFERROR(VLOOKUP(A59,[4]C1!$E:$BH,56,FALSE),IFERROR(VLOOKUP(A59,[5]C1!$E:$BI,57,FALSE),VLOOKUP(A59,[6]C1!$E:$BI,56,FALSE))) -> 45647
A60: X22094042831 | B60: 'X22094042831', | C60: =IFERROR(VLOOKUP(A60,[1]C1!$E:$F,2,FALSE),IFERROR(VLOOKUP(A60,[2]C1!$E:$F,2,FALSE),VLOOKUP(A60,[3]C1!$E:$F,2,FALSE))) -> RUSTAN COFFEE CORPORATION | D60: =IFERROR(VLOOKUP(A60,[3]C1!$E:$G,3,FALSE),IFERROR(VLOOKUP(A60,[2]C1!$E:$G,3,FALSE),VLOOKUP(A60,[1]C1!$E:$G,3,FALSE))) -> GEN. EMILIO AGUINALDO, HABAY II, BACOOR | E60: =IFERROR(VLOOKUP(A60,[4]C1!$E:$S,15,FALSE),IFERROR(VLOOKUP(A60,[5]C1!$E:$T,16,FALSE),VLOOKUP(A60,[6]C1!$E:$T,16,FALSE))) -> 665097.66 | F60: 138.87 | G60: =IFERROR(VLOOKUP(A60,[4]C1!$E:$N,10,FALSE),IFERROR(VLOOKUP(A60,[5]C1!$E:$N,10,FALSE),VLOOKUP(A60,[6]C1!$E:$N,10,FALSE))) -> JSP | H60: JEMUEL PERALTA | I60: =IFERROR(VLOOKUP(A60,[4]C1!$E:$L,8,FALSE),IFERROR(VLOOKUP(A60,[5]C1!$E:$L,8,FALSE),VLOOKUP(A60,[6]C1!$E:$L,8,FALSE))) -> AVECO | J60: 45740 | K60: 45740 | L60: RAC | M60: CSB | N60: =YEAR(IFERROR(VLOOKUP(A60,[4]C1!$E:$AA,23,FALSE),IFERROR(VLOOKUP(A60,[5]C1!$E:$AB,24,FALSE),VLOOKUP(A60,[6]C1!$E:$AB,23,FALSE)))) -> 2022 | P60: =IF(ISBLANK(O60),"NO","YES") -> NO | S60: 3 | T60: =IFERROR(VLOOKUP(A60,[4]C1!$E:$BH,56,FALSE),IFERROR(VLOOKUP(A60,[5]C1!$E:$BI,57,FALSE),VLOOKUP(A60,[6]C1!$E:$BI,56,FALSE))) -> 45497
A61: X24072586230 | B61: 'X24072586230', | C61: CITY GOVT OF LAS PIÑAS, | D61: MACAPUNO, GOLDEN ACRES SUBD, LAS PINAS CITY | E61: 698317.29 | F61: 244.22 | G61: =IFERROR(VLOOKUP(A61,[4]C1!$E:$N,10,FALSE),IFERROR(VLOOKUP(A61,[5]C1!$E:$N,10,FALSE),VLOOKUP(A61,[6]C1!$E:$N,10,FALSE))) -> JSP | H61: JEMUEL PERALTA | I61: =IFERROR(VLOOKUP(A61,[4]C1!$E:$L,8,FALSE),IFERROR(VLOOKUP(A61,[5]C1!$E:$L,8,FALSE),VLOOKUP(A61,[6]C1!$E:$L,8,FALSE))) -> CHALLENGER | J61: 45740 | K61: 45740 | L61: RAC | M61: CSB | N61: =YEAR(IFERROR(VLOOKUP(A61,[4]C1!$E:$AA,23,FALSE),IFERROR(VLOOKUP(A61,[5]C1!$E:$AB,24,FALSE),VLOOKUP(A61,[6]C1!$E:$AB,23,FALSE)))) -> 2024 | O61: 45747 | P61: =IF(ISBLANK(O61),"NO","YES") -> YES | Q61: 45778 | R61: WITH BACKJOB | S61: 6 | T61: =IFERROR(VLOOKUP(A61,[4]C1!$E:$BH,56,FALSE),IFERROR(VLOOKUP(A61,[5]C1!$E:$BI,57,FALSE),VLOOKUP(A61,[6]C1!$E:$BI,56,FALSE))) -> 45631
A62: X23031028024 | B62: 'X23031028024', | C62: =IFERROR(VLOOKUP(A62,[1]C1!$E:$F,2,FALSE),IFERROR(VLOOKUP(A62,[2]C1!$E:$F,2,FALSE),VLOOKUP(A62,[3]C1!$E:$F,2,FALSE))) -> ROMAN CATHOLIC BISHOP OF IMUS, INCORPORATED | D62: =IFERROR(VLOOKUP(A62,[3]C1!$E:$G,3,FALSE),IFERROR(VLOOKUP(A62,[2]C1!$E:$G,3,FALSE),VLOOKUP(A62,[1]C1!$E:$G,3,FALSE))) -> SANTAN, QUEEN'S ROW AREA B SUBD, BACOOR | E62: =IFERROR(VLOOKUP(A62,[4]C1!$E:$S,15,FALSE),IFERROR(VLOOKUP(A62,[5]C1!$E:$T,16,FALSE),VLOOKUP(A62,[6]C1!$E:$T,16,FALSE))) -> 724594.23 | F62: 213.62 | G62: =IFERROR(VLOOKUP(A62,[4]C1!$E:$N,10,FALSE),IFERROR(VLOOKUP(A62,[5]C1!$E:$N,10,FALSE),VLOOKUP(A62,[6]C1!$E:$N,10,FALSE))) -> JSP | H62: JEMUEL PERALTA | I62: =IFERROR(VLOOKUP(A62,[4]C1!$E:$L,8,FALSE),IFERROR(VLOOKUP(A62,[5]C1!$E:$L,8,FALSE),VLOOKUP(A62,[6]C1!$E:$L,8,FALSE))) -> CHALLENGER | J62: 45740 | K62: 45740 | L62: RAC | M62: CSB | N62: =YEAR(IFERROR(VLOOKUP(A62,[4]C1!$E:$AA,23,FALSE),IFERROR(VLOOKUP(A62,[5]C1!$E:$AB,24,FALSE),VLOOKUP(A62,[6]C1!$E:$AB,23,FALSE)))) -> 2024 | O62: 45747 | P62: =IF(ISBLANK(O62),"NO","YES") -> YES | Q62: 45778 | R62: WITH BACKJOB | S62: 6 | T62: =IFERROR(VLOOKUP(A62,[4]C1!$E:$BH,56,FALSE),IFERROR(VLOOKUP(A62,[5]C1!$E:$BI,57,FALSE),VLOOKUP(A62,[6]C1!$E:$BI,56,FALSE))) -> 45522
A63: X24051735189 | B63: 'X24051735189', | C63: =IFERROR(VLOOKUP(A63,[1]C1!$E:$F,2,FALSE),IFERROR(VLOOKUP(A63,[2]C1!$E:$F,2,FALSE),VLOOKUP(A63,[3]C1!$E:$F,2,FALSE))) -> ALEXCY CORPORATION | D63: =IFERROR(VLOOKUP(A63,[3]C1!$E:$G,3,FALSE),IFERROR(VLOOKUP(A63,[2]C1!$E:$G,3,FALSE),VLOOKUP(A63,[1]C1!$E:$G,3,FALSE))) -> ORMOC, ALABANG HILLS SUBD PH 2, MUNTINLUPA | E63: =IFERROR(VLOOKUP(A63,[4]C1!$E:$S,15,FALSE),IFERROR(VLOOKUP(A63,[5]C1!$E:$T,16,FALSE),VLOOKUP(A63,[6]C1!$E:$T,16,FALSE))) -> 1288738.2 | F63: 472.05 | G63: =IFERROR(VLOOKUP(A63,[4]C1!$E:$N,10,FALSE),IFERROR(VLOOKUP(A63,[5]C1!$E:$N,10,FALSE),VLOOKUP(A63,[6]C1!$E:$N,10,FALSE))) -> DCB | H63: DEAN CARL BORJAL | I63: =IFERROR(VLOOKUP(A63,[4]C1!$E:$L,8,FALSE),IFERROR(VLOOKUP(A63,[5]C1!$E:$L,8,FALSE),VLOOKUP(A63,[6]C1!$E:$L,8,FALSE))) -> CHALLENGER | K63: - | L63: CMR | M63: - | N63: =YEAR(IFERROR(VLOOKUP(A63,[4]C1!$E:$AA,23,FALSE),IFERROR(VLOOKUP(A63,[5]C1!$E:$AB,24,FALSE),VLOOKUP(A63,[6]C1!$E:$AB,23,FALSE)))) -> 2024 | O63: 45723 | P63: =IF(ISBLANK(O63),"NO","YES") -> YES | Q63: 45742 | R63: WITH BACKJOB | S63: 17 | T63: =IFERROR(VLOOKUP(A63,[4]C1!$E:$BH,56,FALSE),IFERROR(VLOOKUP(A63,[5]C1!$E:$BI,57,FALSE),VLOOKUP(A63,[6]C1!$E:$BI,56,FALSE))) -> 45559
A64: X22031115703 | B64: 'X22031115703', | C64: =IFERROR(VLOOKUP(A64,[1]C1!$E:$F,2,FALSE),IFERROR(VLOOKUP(A64,[2]C1!$E:$F,2,FALSE),VLOOKUP(A64,[3]C1!$E:$F,2,FALSE))) -> DITO TELECOMMUNITY CORPORATION | D64: =IFERROR(VLOOKUP(A64,[3]C1!$E:$G,3,FALSE),IFERROR(VLOOKUP(A64,[2]C1!$E:$G,3,FALSE),VLOOKUP(A64,[1]C1!$E:$G,3,FALSE))) -> LAZO COURT, ALMANZA I, LAS PINAS CITY | E64: =IFERROR(VLOOKUP(A64,[4]C1!$E:$S,15,FALSE),IFERROR(VLOOKUP(A64,[5]C1!$E:$T,16,FALSE),VLOOKUP(A64,[6]C1!$E:$T,16,FALSE))) -> 174196.42 | F64: 36.82 | G64: =IFERROR(VLOOKUP(A64,[4]C1!$E:$N,10,FALSE),IFERROR(VLOOKUP(A64,[5]C1!$E:$N,10,FALSE),VLOOKUP(A64,[6]C1!$E:$N,10,FALSE))) -> DSB | H64: DEAN CARL BORJAL | I64: =IFERROR(VLOOKUP(A64,[4]C1!$E:$L,8,FALSE),IFERROR(VLOOKUP(A64,[5]C1!$E:$L,8,FALSE),VLOOKUP(A64,[6]C1!$E:$L,8,FALSE))) -> POWERHOUSE | L64: CMR | M64: - | N64: =YEAR(IFERROR(VLOOKUP(A64,[4]C1!$E:$AA,23,FALSE),IFERROR(VLOOKUP(A64,[5]C1!$E:$AB,24,FALSE),VLOOKUP(A64,[6]C1!$E:$AB,23,FALSE)))) -> 2024 | O64: 45723 | P64: =IF(ISBLANK(O64),"NO","YES") -> YES | Q64: 45742 | R64: WITH BACKJOB | S64: 3 | T64: =IFERROR(VLOOKUP(A64,[4]C1!$E:$BH,56,FALSE),IFERROR(VLOOKUP(A64,[5]C1!$E:$BI,57,FALSE),VLOOKUP(A64,[6]C1!$E:$BI,56,FALSE))) -> 45489
A65: X23114408727 | B65: 'X23114408727', | C65: =IFERROR(VLOOKUP(A65,[1]C1!$E:$F,2,FALSE),IFERROR(VLOOKUP(A65,[2]C1!$E:$F,2,FALSE),VLOOKUP(A65,[3]C1!$E:$F,2,FALSE))) -> CITY GOVERNMENT OF TAGUIG | D65: =IFERROR(VLOOKUP(A65,[3]C1!$E:$G,3,FALSE),IFERROR(VLOOKUP(A65,[2]C1!$E:$G,3,FALSE),VLOOKUP(A65,[1]C1!$E:$G,3,FALSE))) -> BERNARDO, ZONE 3, TAGUIG CITY | E65: =IFERROR(VLOOKUP(A65,[4]C1!$E:$S,15,FALSE),IFERROR(VLOOKUP(A65,[5]C1!$E:$T,16,FALSE),VLOOKUP(A65,[6]C1!$E:$T,16,FALSE))) -> 18962.21 | F65: 4.67 | G65: =IFERROR(VLOOKUP(A65,[4]C1!$E:$N,10,FALSE),IFERROR(VLOOKUP(A65,[5]C1!$E:$N,10,FALSE),VLOOKUP(A65,[6]C1!$E:$N,10,FALSE))) -> JSP | H65: JEMUEL PERALTA | I65: =IFERROR(VLOOKUP(A65,[4]C1!$E:$L,8,FALSE),IFERROR(VLOOKUP(A65,[5]C1!$E:$L,8,FALSE),VLOOKUP(A65,[6]C1!$E:$L,8,FALSE))) -> VJC | K65: 45741 | L65: ECI | M65: CSB | N65: =YEAR(IFERROR(VLOOKUP(A65,[4]C1!$E:$AA,23,FALSE),IFERROR(VLOOKUP(A65,[5]C1!$E:$AB,24,FALSE),VLOOKUP(A65,[6]C1!$E:$AB,23,FALSE)))) -> 2023 | O65: 45842 | P65: =IF(ISBLANK(O65),"NO","YES") -> YES | S65: 2 | T65: =IFERROR(VLOOKUP(A65,[4]C1!$E:$BH,56,FALSE),IFERROR(VLOOKUP(A65,[5]C1!$E:$BI,57,FALSE),VLOOKUP(A65,[6]C1!$E:$BI,56,FALSE))) -> 45542
A66: X24051727142 | B66: 'X24051727142', | C66: =IFERROR(VLOOKUP(A66,[1]C1!$E:$F,2,FALSE),IFERROR(VLOOKUP(A66,[2]C1!$E:$F,2,FALSE),VLOOKUP(A66,[3]C1!$E:$F,2,FALSE))) -> HOLY SPIRIT CHRISTIAN LEARNING CENTRE INC. | D66: =IFERROR(VLOOKUP(A66,[3]C1!$E:$G,3,FALSE),IFERROR(VLOOKUP(A66,[2]C1!$E:$G,3,FALSE),VLOOKUP(A66,[1]C1!$E:$G,3,FALSE))) -> RESMA, ZONE 4, TAGUIG CITY | E66: =IFERROR(VLOOKUP(A66,[4]C1!$E:$S,15,FALSE),IFERROR(VLOOKUP(A66,[5]C1!$E:$T,16,FALSE),VLOOKUP(A66,[6]C1!$E:$T,16,FALSE))) -> 43011.89 | F66: 964.72 | G66: =IFERROR(VLOOKUP(A66,[4]C1!$E:$N,10,FALSE),IFERROR(VLOOKUP(A66,[5]C1!$E:$N,10,FALSE),VLOOKUP(A66,[6]C1!$E:$N,10,FALSE))) -> JSB | H66: JASPER BASTASA | I66: =IFERROR(VLOOKUP(A66,[4]C1!$E:$L,8,FALSE),IFERROR(VLOOKUP(A66,[5]C1!$E:$L,8,FALSE),VLOOKUP(A66,[6]C1!$E:$L,8,FALSE))) -> VJC | K66: 45741 | L66: RLM | M66: CSB | N66: =YEAR(IFERROR(VLOOKUP(A66,[4]C1!$E:$AA,23,FALSE),IFERROR(VLOOKUP(A66,[5]C1!$E:$AB,24,FALSE),VLOOKUP(A66,[6]C1!$E:$AB,23,FALSE)))) -> 2024 | O66: 45770 | P66: =IF(ISBLANK(O66),"NO","YES") -> YES | Q66: 45847 | R66: WITH BACKJOB | S66: 2 | T66: =IFERROR(VLOOKUP(A66,[4]C1!$E:$BH,56,FALSE),IFERROR(VLOOKUP(A66,[5]C1!$E:$BI,57,FALSE),VLOOKUP(A66,[6]C1!$E:$BI,56,FALSE))) -> 45533
A67: X23104093739 | B67: 'X23104093739', | C67: =IFERROR(VLOOKUP(A67,[1]C1!$E:$F,2,FALSE),IFERROR(VLOOKUP(A67,[2]C1!$E:$F,2,FALSE),VLOOKUP(A67,[3]C1!$E:$F,2,FALSE))) -> DITO TELECOMMUNITY CORPORATION | D67: =IFERROR(VLOOKUP(A67,[3]C1!$E:$G,3,FALSE),IFERROR(VLOOKUP(A67,[2]C1!$E:$G,3,FALSE),VLOOKUP(A67,[1]C1!$E:$G,3,FALSE))) -> MANALAC, BAGONG TANYAG, TAGUIG CITY | E67: =IFERROR(VLOOKUP(A67,[4]C1!$E:$S,15,FALSE),IFERROR(VLOOKUP(A67,[5]C1!$E:$T,16,FALSE),VLOOKUP(A67,[6]C1!$E:$T,16,FALSE))) -> 207781.92 | F67: 31.97 | G67: =IFERROR(VLOOKUP(A67,[4]C1!$E:$N,10,FALSE),IFERROR(VLOOKUP(A67,[5]C1!$E:$N,10,FALSE),VLOOKUP(A67,[6]C1!$E:$N,10,FALSE))) -> JSP | H67: JEMUEL PERALTA | I67: =IFERROR(VLOOKUP(A67,[4]C1!$E:$L,8,FALSE),IFERROR(VLOOKUP(A67,[5]C1!$E:$L,8,FALSE),VLOOKUP(A67,[6]C1!$E:$L,8,FALSE))) -> VJC | K67: 45741 | L67: ECI | M67: CSB | N67: =YEAR(IFERROR(VLOOKUP(A67,[4]C1!$E:$AA,23,FALSE),IFERROR(VLOOKUP(A67,[5]C1!$E:$AB,24,FALSE),VLOOKUP(A67,[6]C1!$E:$AB,23,FALSE)))) -> 2023 | P67: =IF(ISBLANK(O67),"NO","YES") -> NO | S67: 2 | T67: =IFERROR(VLOOKUP(A67,[4]C1!$E:$BH,56,FALSE),IFERROR(VLOOKUP(A67,[5]C1!$E:$BI,57,FALSE),VLOOKUP(A67,[6]C1!$E:$BI,56,FALSE))) -> 45556
A68: X22083577405 | B68: 'X22083577405', | C68: =IFERROR(VLOOKUP(A68,[1]C1!$E:$F,2,FALSE),IFERROR(VLOOKUP(A68,[2]C1!$E:$F,2,FALSE),VLOOKUP(A68,[3]C1!$E:$F,2,FALSE))) -> MEDICAL CENTER MUNTINLUPA, INC. | D68: =IFERROR(VLOOKUP(A68,[3]C1!$E:$G,3,FALSE),IFERROR(VLOOKUP(A68,[2]C1!$E:$G,3,FALSE),VLOOKUP(A68,[1]C1!$E:$G,3,FALSE))) -> LARBAF, BRUGER SUBD, MUNTINLUPA | E68: =IFERROR(VLOOKUP(A68,[4]C1!$E:$S,15,FALSE),IFERROR(VLOOKUP(A68,[5]C1!$E:$T,16,FALSE),VLOOKUP(A68,[6]C1!$E:$T,16,FALSE))) -> 854712.66 | F68: 251.72 | G68: =IFERROR(VLOOKUP(A68,[4]C1!$E:$N,10,FALSE),IFERROR(VLOOKUP(A68,[5]C1!$E:$N,10,FALSE),VLOOKUP(A68,[6]C1!$E:$N,10,FALSE))) -> EAO | H68: RONILO JR GANGE | I68: =IFERROR(VLOOKUP(A68,[4]C1!$E:$L,8,FALSE),IFERROR(VLOOKUP(A68,[5]C1!$E:$L,8,FALSE),VLOOKUP(A68,[6]C1!$E:$L,8,FALSE))) -> AVECO | K68: 45741 | L68: ECI | M68: CSB | N68: =YEAR(IFERROR(VLOOKUP(A68,[4]C1!$E:$AA,23,FALSE),IFERROR(VLOOKUP(A68,[5]C1!$E:$AB,24,FALSE),VLOOKUP(A68,[6]C1!$E:$AB,23,FALSE)))) -> 2023 | O68: 45750 | P68: =IF(ISBLANK(O68),"NO","YES") -> YES | Q68: 45778 | R68: NO BACKJOB | S68: 11 | T68: =IFERROR(VLOOKUP(A68,[4]C1!$E:$BH,56,FALSE),IFERROR(VLOOKUP(A68,[5]C1!$E:$BI,57,FALSE),VLOOKUP(A68,[6]C1!$E:$BI,56,FALSE))) -> 45239
A69: X23030963414 | B69: 'X23030963414', | C69: =IFERROR(VLOOKUP(A69,[1]C1!$E:$F,2,FALSE),IFERROR(VLOOKUP(A69,[2]C1!$E:$F,2,FALSE),VLOOKUP(A69,[3]C1!$E:$F,2,FALSE))) -> BARANGAY ALABANG - PEOPLES CENTER | D69: =IFERROR(VLOOKUP(A69,[3]C1!$E:$G,3,FALSE),IFERROR(VLOOKUP(A69,[2]C1!$E:$G,3,FALSE),VLOOKUP(A69,[1]C1!$E:$G,3,FALSE))) -> ILAYA ST., ALABANG, MUNTINLUPA | E69: =IFERROR(VLOOKUP(A69,[4]C1!$E:$S,15,FALSE),IFERROR(VLOOKUP(A69,[5]C1!$E:$T,16,FALSE),VLOOKUP(A69,[6]C1!$E:$T,16,FALSE))) -> 343900.03 | F69: 75.73 | G69: =IFERROR(VLOOKUP(A69,[4]C1!$E:$N,10,FALSE),IFERROR(VLOOKUP(A69,[5]C1!$E:$N,10,FALSE),VLOOKUP(A69,[6]C1!$E:$N,10,FALSE))) -> RRG | H69: RONILO JR GANGE | I69: =IFERROR(VLOOKUP(A69,[4]C1!$E:$L,8,FALSE),IFERROR(VLOOKUP(A69,[5]C1!$E:$L,8,FALSE),VLOOKUP(A69,[6]C1!$E:$L,8,FALSE))) -> AVECO | K69: 45741 | L69: ECI | M69: CSB | N69: =YEAR(IFERROR(VLOOKUP(A69,[4]C1!$E:$AA,23,FALSE),IFERROR(VLOOKUP(A69,[5]C1!$E:$AB,24,FALSE),VLOOKUP(A69,[6]C1!$E:$AB,23,FALSE)))) -> 2023 | P69: =IF(ISBLANK(O69),"NO","YES") -> NO | S69: 5 | T69: =IFERROR(VLOOKUP(A69,[4]C1!$E:$BH,56,FALSE),IFERROR(VLOOKUP(A69,[5]C1!$E:$BI,57,FALSE),VLOOKUP(A69,[6]C1!$E:$BI,56,FALSE))) -> 45445
A70: X24114521247 | B70: 'X24114521247', | C70: =IFERROR(VLOOKUP(A70,[1]C1!$E:$F,2,FALSE),IFERROR(VLOOKUP(A70,[2]C1!$E:$F,2,FALSE),VLOOKUP(A70,[3]C1!$E:$F,2,FALSE))) -> LILIAN V KHADKA | D70: =IFERROR(VLOOKUP(A70,[3]C1!$E:$G,3,FALSE),IFERROR(VLOOKUP(A70,[2]C1!$E:$G,3,FALSE),VLOOKUP(A70,[1]C1!$E:$G,3,FALSE))) -> MILAN, MERVILLE SUBD, PARANAQUE | E70: =IFERROR(VLOOKUP(A70,[4]C1!$E:$S,15,FALSE),IFERROR(VLOOKUP(A70,[5]C1!$E:$T,16,FALSE),VLOOKUP(A70,[6]C1!$E:$T,16,FALSE))) -> 181978.29 | F70: 17.38 | G70: =IFERROR(VLOOKUP(A70,[4]C1!$E:$N,10,FALSE),IFERROR(VLOOKUP(A70,[5]C1!$E:$N,10,FALSE),VLOOKUP(A70,[6]C1!$E:$N,10,FALSE))) -> JMM | H70: JENNETH MADRID | I70: =IFERROR(VLOOKUP(A70,[4]C1!$E:$L,8,FALSE),IFERROR(VLOOKUP(A70,[5]C1!$E:$L,8,FALSE),VLOOKUP(A70,[6]C1!$E:$L,8,FALSE))) -> VJC | L70: RAC | N70: =YEAR(IFERROR(VLOOKUP(A70,[4]C1!$E:$AA,23,FALSE),IFERROR(VLOOKUP(A70,[5]C1!$E:$AB,24,FALSE),VLOOKUP(A70,[6]C1!$E:$AB,23,FALSE)))) -> 2024 | O70: 45742 | P70: =IF(ISBLANK(O70),"NO","YES") -> YES | Q70: 45743 | R70: NO BACKJOB | S70: 3 | T70: =IFERROR(VLOOKUP(A70,[4]C1!$E:$BH,56,FALSE),IFERROR(VLOOKUP(A70,[5]C1!$E:$BI,57,FALSE),VLOOKUP(A70,[6]C1!$E:$BI,56,FALSE))) -> 45682
A71: X24072803306 | B71: 'X24072803306', | C71: =IFERROR(VLOOKUP(A71,[1]C1!$E:$F,2,FALSE),IFERROR(VLOOKUP(A71,[2]C1!$E:$F,2,FALSE),VLOOKUP(A71,[3]C1!$E:$F,2,FALSE))) -> HERSH KAMAL ABICHANDANI | D71: =IFERROR(VLOOKUP(A71,[3]C1!$E:$G,3,FALSE),IFERROR(VLOOKUP(A71,[2]C1!$E:$G,3,FALSE),VLOOKUP(A71,[1]C1!$E:$G,3,FALSE))) -> VATICAN, MERVILLE SUBD, PARANAQUE | E71: =IFERROR(VLOOKUP(A71,[4]C1!$E:$S,15,FALSE),IFERROR(VLOOKUP(A71,[5]C1!$E:$T,16,FALSE),VLOOKUP(A71,[6]C1!$E:$T,16,FALSE))) -> 432247.23 | F71: 114.92 | G71: =IFERROR(VLOOKUP(A71,[4]C1!$E:$N,10,FALSE),IFERROR(VLOOKUP(A71,[5]C1!$E:$N,10,FALSE),VLOOKUP(A71,[6]C1!$E:$N,10,FALSE))) -> JMM | H71: JENNETH MADRID | I71: =IFERROR(VLOOKUP(A71,[4]C1!$E:$L,8,FALSE),IFERROR(VLOOKUP(A71,[5]C1!$E:$L,8,FALSE),VLOOKUP(A71,[6]C1!$E:$L,8,FALSE))) -> VJC | L71: RAC | N71: =YEAR(IFERROR(VLOOKUP(A71,[4]C1!$E:$AA,23,FALSE),IFERROR(VLOOKUP(A71,[5]C1!$E:$AB,24,FALSE),VLOOKUP(A71,[6]C1!$E:$AB,23,FALSE)))) -> 2024 | O71: 45742 | P71: =IF(ISBLANK(O71),"NO","YES") -> YES | Q71: 45743 | R71: WITH BACKJOB | S71: 4 | T71: =IFERROR(VLOOKUP(A71,[4]C1!$E:$BH,56,FALSE),IFERROR(VLOOKUP(A71,[5]C1!$E:$BI,57,FALSE),VLOOKUP(A71,[6]C1!$E:$BI,56,FALSE))) -> 45660
A72: X22094139131 | B72: 'X22094139131', | C72: =IFERROR(VLOOKUP(A72,[1]C1!$E:$F,2,FALSE),IFERROR(VLOOKUP(A72,[2]C1!$E:$F,2,FALSE),VLOOKUP(A72,[3]C1!$E:$F,2,FALSE))) -> DITO TELECOMMUNITY CORPORATION | D72: =IFERROR(VLOOKUP(A72,[3]C1!$E:$G,3,FALSE),IFERROR(VLOOKUP(A72,[2]C1!$E:$G,3,FALSE),VLOOKUP(A72,[1]C1!$E:$G,3,FALSE))) -> E. RODRIGUEZ JR., MOONWALK, PARANAQUE | E72: =IFERROR(VLOOKUP(A72,[4]C1!$E:$S,15,FALSE),IFERROR(VLOOKUP(A72,[5]C1!$E:$T,16,FALSE),VLOOKUP(A72,[6]C1!$E:$T,16,FALSE))) -> 245012.44 | F72: 37.12 | G72: =IFERROR(VLOOKUP(A72,[4]C1!$E:$N,10,FALSE),IFERROR(VLOOKUP(A72,[5]C1!$E:$N,10,FALSE),VLOOKUP(A72,[6]C1!$E:$N,10,FALSE))) -> JMM | H72: JENNETH MADRID | I72: =IFERROR(VLOOKUP(A72,[4]C1!$E:$L,8,FALSE),IFERROR(VLOOKUP(A72,[5]C1!$E:$L,8,FALSE),VLOOKUP(A72,[6]C1!$E:$L,8,FALSE))) -> POWERHOUSE | L72: RAC | N72: =YEAR(IFERROR(VLOOKUP(A72,[4]C1!$E:$AA,23,FALSE),IFERROR(VLOOKUP(A72,[5]C1!$E:$AB,24,FALSE),VLOOKUP(A72,[6]C1!$E:$AB,23,FALSE)))) -> 2024 | O72: 45733 | P72: =IF(ISBLANK(O72),"NO","YES") -> YES | Q72: 45744 | R72: WITH BACKJOB | S72: 2 | T72: =IFERROR(VLOOKUP(A72,[4]C1!$E:$BH,56,FALSE),IFERROR(VLOOKUP(A72,[5]C1!$E:$BI,57,FALSE),VLOOKUP(A72,[6]C1!$E:$BI,56,FALSE))) -> 45649
A73: X23114428468 | B73: 'X23114428468', | C73: =IFERROR(VLOOKUP(A73,[1]C1!$E:$F,2,FALSE),IFERROR(VLOOKUP(A73,[2]C1!$E:$F,2,FALSE),VLOOKUP(A73,[3]C1!$E:$F,2,FALSE))) -> BLESHILDA OCAMPO QUIRAY | D73: =IFERROR(VLOOKUP(A73,[3]C1!$E:$G,3,FALSE),IFERROR(VLOOKUP(A73,[2]C1!$E:$G,3,FALSE),VLOOKUP(A73,[1]C1!$E:$G,3,FALSE))) -> ALEJANDRO, AIRPORT VILL, PARANAQUE | E73: =IFERROR(VLOOKUP(A73,[4]C1!$E:$S,15,FALSE),IFERROR(VLOOKUP(A73,[5]C1!$E:$T,16,FALSE),VLOOKUP(A73,[6]C1!$E:$T,16,FALSE))) -> 584635.15 | F73: 185.92 | G73: =IFERROR(VLOOKUP(A73,[4]C1!$E:$N,10,FALSE),IFERROR(VLOOKUP(A73,[5]C1!$E:$N,10,FALSE),VLOOKUP(A73,[6]C1!$E:$N,10,FALSE))) -> JSP | H73: JEMUEL PERALTA | I73: =IFERROR(VLOOKUP(A73,[4]C1!$E:$L,8,FALSE),IFERROR(VLOOKUP(A73,[5]C1!$E:$L,8,FALSE),VLOOKUP(A73,[6]C1!$E:$L,8,FALSE))) -> CHALLENGER | L73: RPR | N73: =YEAR(IFERROR(VLOOKUP(A73,[4]C1!$E:$AA,23,FALSE),IFERROR(VLOOKUP(A73,[5]C1!$E:$AB,24,FALSE),VLOOKUP(A73,[6]C1!$E:$AB,23,FALSE)))) -> 2024 | O73: 45792 | P73: =IF(ISBLANK(O73),"NO","YES") -> YES | S73: 6 | T73: =IFERROR(VLOOKUP(A73,[4]C1!$E:$BH,56,FALSE),IFERROR(VLOOKUP(A73,[5]C1!$E:$BI,57,FALSE),VLOOKUP(A73,[6]C1!$E:$BI,56,FALSE))) -> 45631
A74: X23104175879 | B74: 'X23104175879', | C74: =IFERROR(VLOOKUP(A74,[1]C1!$E:$F,2,FALSE),IFERROR(VLOOKUP(A74,[2]C1!$E:$F,2,FALSE),VLOOKUP(A74,[3]C1!$E:$F,2,FALSE))) -> DITO TELECOMMUNITY CORPORATION | D74: =IFERROR(VLOOKUP(A74,[3]C1!$E:$G,3,FALSE),IFERROR(VLOOKUP(A74,[2]C1!$E:$G,3,FALSE),VLOOKUP(A74,[1]C1!$E:$G,3,FALSE))) -> QUIRINO, SAN DIONISIO, PARANAQUE | E74: =IFERROR(VLOOKUP(A74,[4]C1!$E:$S,15,FALSE),IFERROR(VLOOKUP(A74,[5]C1!$E:$T,16,FALSE),VLOOKUP(A74,[6]C1!$E:$T,16,FALSE))) -> 1063007.3 | F74: 96.4 | G74: =IFERROR(VLOOKUP(A74,[4]C1!$E:$N,10,FALSE),IFERROR(VLOOKUP(A74,[5]C1!$E:$N,10,FALSE),VLOOKUP(A74,[6]C1!$E:$N,10,FALSE))) -> IJP | H74: IAN PATRICK PEREZ | I74: =IFERROR(VLOOKUP(A74,[4]C1!$E:$L,8,FALSE),IFERROR(VLOOKUP(A74,[5]C1!$E:$L,8,FALSE),VLOOKUP(A74,[6]C1!$E:$L,8,FALSE))) -> CHALLENGER | K74: 45744 | L74: AGD | M74: CSB | N74: =YEAR(IFERROR(VLOOKUP(A74,[4]C1!$E:$AA,23,FALSE),IFERROR(VLOOKUP(A74,[5]C1!$E:$AB,24,FALSE),VLOOKUP(A74,[6]C1!$E:$AB,23,FALSE)))) -> 2024 | O74: 45776 | P74: =IF(ISBLANK(O74),"NO","YES") -> YES | Q74: / | R74: NO BACKJOB | S74: 4 | T74: =IFERROR(VLOOKUP(A74,[4]C1!$E:$BH,56,FALSE),IFERROR(VLOOKUP(A74,[5]C1!$E:$BI,57,FALSE),VLOOKUP(A74,[6]C1!$E:$BI,56,FALSE))) -> 45518
A75: X24020558376 | B75: 'X24020558376', | C75: =IFERROR(VLOOKUP(A75,[1]C1!$E:$F,2,FALSE),IFERROR(VLOOKUP(A75,[2]C1!$E:$F,2,FALSE),VLOOKUP(A75,[3]C1!$E:$F,2,FALSE))) -> ERIC GO YAP | D75: =IFERROR(VLOOKUP(A75,[3]C1!$E:$G,3,FALSE),IFERROR(VLOOKUP(A75,[2]C1!$E:$G,3,FALSE),VLOOKUP(A75,[1]C1!$E:$G,3,FALSE))) -> AGUIRRE, BF HOMES, PARANAQUE | E75: =IFERROR(VLOOKUP(A75,[4]C1!$E:$S,15,FALSE),IFERROR(VLOOKUP(A75,[5]C1!$E:$T,16,FALSE),VLOOKUP(A75,[6]C1!$E:$T,16,FALSE))) -> 398848.59 | F75: 132.17 | G75: =IFERROR(VLOOKUP(A75,[4]C1!$E:$N,10,FALSE),IFERROR(VLOOKUP(A75,[5]C1!$E:$N,10,FALSE),VLOOKUP(A75,[6]C1!$E:$N,10,FALSE))) -> JSP | H75: JEMUEL PERALTA | I75: =IFERROR(VLOOKUP(A75,[4]C1!$E:$L,8,FALSE),IFERROR(VLOOKUP(A75,[5]C1!$E:$L,8,FALSE),VLOOKUP(A75,[6]C1!$E:$L,8,FALSE))) -> CHALLENGER | L75: RAC | N75: =YEAR(IFERROR(VLOOKUP(A75,[4]C1!$E:$AA,23,FALSE),IFERROR(VLOOKUP(A75,[5]C1!$E:$AB,24,FALSE),VLOOKUP(A75,[6]C1!$E:$AB,23,FALSE)))) -> 2024 | O75: 45733 | P75: =IF(ISBLANK(O75),"NO","YES") -> YES | Q75: 45749 | R75: WITH BACKJOB | S75: 4 | T75: =IFERROR(VLOOKUP(A75,[4]C1!$E:$BH,56,FALSE),IFERROR(VLOOKUP(A75,[5]C1!$E:$BI,57,FALSE),VLOOKUP(A75,[6]C1!$E:$BI,56,FALSE))) -> 45647
A76: X22062778410 | B76: 'X22062778410', | C76: =IFERROR(VLOOKUP(A76,[1]C1!$E:$F,2,FALSE),IFERROR(VLOOKUP(A76,[2]C1!$E:$F,2,FALSE),VLOOKUP(A76,[3]C1!$E:$F,2,FALSE))) -> ALVEO LAND CORP. | D76: =IFERROR(VLOOKUP(A76,[3]C1!$E:$G,3,FALSE),IFERROR(VLOOKUP(A76,[2]C1!$E:$G,3,FALSE),VLOOKUP(A76,[1]C1!$E:$G,3,FALSE))) -> BLOCK 01, ARDIA VERMOSA, IMUS | E76: =IFERROR(VLOOKUP(A76,[4]C1!$E:$S,15,FALSE),IFERROR(VLOOKUP(A76,[5]C1!$E:$T,16,FALSE),VLOOKUP(A76,[6]C1!$E:$T,16,FALSE))) -> 553766.07 | F76: 259.65 | G76: =IFERROR(VLOOKUP(A76,[4]C1!$E:$N,10,FALSE),IFERROR(VLOOKUP(A76,[5]C1!$E:$N,10,FALSE),VLOOKUP(A76,[6]C1!$E:$N,10,FALSE))) -> RHM | H76: REYZON MATIENZO | I76: =IFERROR(VLOOKUP(A76,[4]C1!$E:$L,8,FALSE),IFERROR(VLOOKUP(A76,[5]C1!$E:$L,8,FALSE),VLOOKUP(A76,[6]C1!$E:$L,8,FALSE))) -> CHALLENGER | L76: RPR | N76: =YEAR(IFERROR(VLOOKUP(A76,[4]C1!$E:$AA,23,FALSE),IFERROR(VLOOKUP(A76,[5]C1!$E:$AB,24,FALSE),VLOOKUP(A76,[6]C1!$E:$AB,23,FALSE)))) -> 2023 | O76: 45743 | P76: =IF(ISBLANK(O76),"NO","YES") -> YES | Q76: 45749 | R76: NO BACKJOB | S76: 7 | T76: =IFERROR(VLOOKUP(A76,[4]C1!$E:$BH,56,FALSE),IFERROR(VLOOKUP(A76,[5]C1!$E:$BI,57,FALSE),VLOOKUP(A76,[6]C1!$E:$BI,56,FALSE))) -> 45356
A77: X22072907884 | B77: 'X22072907884', | C77: =IFERROR(VLOOKUP(A77,[1]C1!$E:$F,2,FALSE),IFERROR(VLOOKUP(A77,[2]C1!$E:$F,2,FALSE),VLOOKUP(A77,[3]C1!$E:$F,2,FALSE))) -> ALVEO LAND CORP. | D77: =IFERROR(VLOOKUP(A77,[3]C1!$E:$G,3,FALSE),IFERROR(VLOOKUP(A77,[2]C1!$E:$G,3,FALSE),VLOOKUP(A77,[1]C1!$E:$G,3,FALSE))) -> BLOCK 35, ARDIA VERMOSA, IMUS | E77: =IFERROR(VLOOKUP(A77,[4]C1!$E:$S,15,FALSE),IFERROR(VLOOKUP(A77,[5]C1!$E:$T,16,FALSE),VLOOKUP(A77,[6]C1!$E:$T,16,FALSE))) -> 646129.09 | F77: 321.65 | G77: =IFERROR(VLOOKUP(A77,[4]C1!$E:$N,10,FALSE),IFERROR(VLOOKUP(A77,[5]C1!$E:$N,10,FALSE),VLOOKUP(A77,[6]C1!$E:$N,10,FALSE))) -> RHM | H77: REYZON MATIENZO | I77: =IFERROR(VLOOKUP(A77,[4]C1!$E:$L,8,FALSE),IFERROR(VLOOKUP(A77,[5]C1!$E:$L,8,FALSE),VLOOKUP(A77,[6]C1!$E:$L,8,FALSE))) -> CHALLENGER | L77: RPR | N77: =YEAR(IFERROR(VLOOKUP(A77,[4]C1!$E:$AA,23,FALSE),IFERROR(VLOOKUP(A77,[5]C1!$E:$AB,24,FALSE),VLOOKUP(A77,[6]C1!$E:$AB,23,FALSE)))) -> 2023 | O77: 45743 | P77: =IF(ISBLANK(O77),"NO","YES") -> YES | Q77: 45749 | R77: WITH BACKJOB | S77: 7 | T77: =IFERROR(VLOOKUP(A77,[4]C1!$E:$BH,56,FALSE),IFERROR(VLOOKUP(A77,[5]C1!$E:$BI,57,FALSE),VLOOKUP(A77,[6]C1!$E:$BI,56,FALSE))) -> 45356
A78: X22114642301 | B78: 'X22114642301', | C78: =IFERROR(VLOOKUP(A78,[1]C1!$E:$F,2,FALSE),IFERROR(VLOOKUP(A78,[2]C1!$E:$F,2,FALSE),VLOOKUP(A78,[3]C1!$E:$F,2,FALSE))) -> AYALA LAND, INC. | D78: =IFERROR(VLOOKUP(A78,[3]C1!$E:$G,3,FALSE),IFERROR(VLOOKUP(A78,[2]C1!$E:$G,3,FALSE),VLOOKUP(A78,[1]C1!$E:$G,3,FALSE))) -> BLOCK 02, ARDIA VERMOSA, IMUS | E78: =IFERROR(VLOOKUP(A78,[4]C1!$E:$S,15,FALSE),IFERROR(VLOOKUP(A78,[5]C1!$E:$T,16,FALSE),VLOOKUP(A78,[6]C1!$E:$T,16,FALSE))) -> 849221.28 | F78: 432.58 | G78: =IFERROR(VLOOKUP(A78,[4]C1!$E:$N,10,FALSE),IFERROR(VLOOKUP(A78,[5]C1!$E:$N,10,FALSE),VLOOKUP(A78,[6]C1!$E:$N,10,FALSE))) -> RHM | H78: REYZON MATIENZO | I78: =IFERROR(VLOOKUP(A78,[4]C1!$E:$L,8,FALSE),IFERROR(VLOOKUP(A78,[5]C1!$E:$L,8,FALSE),VLOOKUP(A78,[6]C1!$E:$L,8,FALSE))) -> CHALLENGER | L78: RPR | N78: =YEAR(IFERROR(VLOOKUP(A78,[4]C1!$E:$AA,23,FALSE),IFERROR(VLOOKUP(A78,[5]C1!$E:$AB,24,FALSE),VLOOKUP(A78,[6]C1!$E:$AB,23,FALSE)))) -> 2023 | O78: 45743 | P78: =IF(ISBLANK(O78),"NO","YES") -> YES | Q78: 45749 | R78: WITH BACKJOB | S78: 9 | T78: =IFERROR(VLOOKUP(A78,[4]C1!$E:$BH,56,FALSE),IFERROR(VLOOKUP(A78,[5]C1!$E:$BI,57,FALSE),VLOOKUP(A78,[6]C1!$E:$BI,56,FALSE))) -> 45341
A79: X22062777770 | B79: 'X22062777770', | C79: =IFERROR(VLOOKUP(A79,[1]C1!$E:$F,2,FALSE),IFERROR(VLOOKUP(A79,[2]C1!$E:$F,2,FALSE),VLOOKUP(A79,[3]C1!$E:$F,2,FALSE))) -> ALVEO LAND CORP. | D79: =IFERROR(VLOOKUP(A79,[3]C1!$E:$G,3,FALSE),IFERROR(VLOOKUP(A79,[2]C1!$E:$G,3,FALSE),VLOOKUP(A79,[1]C1!$E:$G,3,FALSE))) -> BLOCK 40, ARDIA VERMOSA, IMUS | E79: =IFERROR(VLOOKUP(A79,[4]C1!$E:$S,15,FALSE),IFERROR(VLOOKUP(A79,[5]C1!$E:$T,16,FALSE),VLOOKUP(A79,[6]C1!$E:$T,16,FALSE))) -> 442639.39 | F79: 183.33 | G79: =IFERROR(VLOOKUP(A79,[4]C1!$E:$N,10,FALSE),IFERROR(VLOOKUP(A79,[5]C1!$E:$N,10,FALSE),VLOOKUP(A79,[6]C1!$E:$N,10,FALSE))) -> RHM | H79: REYZON MATIENZO | I79: =IFERROR(VLOOKUP(A79,[4]C1!$E:$L,8,FALSE),IFERROR(VLOOKUP(A79,[5]C1!$E:$L,8,FALSE),VLOOKUP(A79,[6]C1!$E:$L,8,FALSE))) -> CHALLENGER | L79: RPR | N79: =YEAR(IFERROR(VLOOKUP(A79,[4]C1!$E:$AA,23,FALSE),IFERROR(VLOOKUP(A79,[5]C1!$E:$AB,24,FALSE),VLOOKUP(A79,[6]C1!$E:$AB,23,FALSE)))) -> 2023 | O79: 45743 | P79: =IF(ISBLANK(O79),"NO","YES") -> YES | Q79: 45749 | R79: WITH BACKJOB | S79: 6 | T79: =IFERROR(VLOOKUP(A79,[4]C1!$E:$BH,56,FALSE),IFERROR(VLOOKUP(A79,[5]C1!$E:$BI,57,FALSE),VLOOKUP(A79,[6]C1!$E:$BI,56,FALSE))) -> 45343
A80: X22083405557 | B80: 'X22083405557', | C80: =IFERROR(VLOOKUP(A80,[1]C1!$E:$F,2,FALSE),IFERROR(VLOOKUP(A80,[2]C1!$E:$F,2,FALSE),VLOOKUP(A80,[3]C1!$E:$F,2,FALSE))) -> AYALA LAND, INC. | D80: =IFERROR(VLOOKUP(A80,[3]C1!$E:$G,3,FALSE),IFERROR(VLOOKUP(A80,[2]C1!$E:$G,3,FALSE),VLOOKUP(A80,[1]C1!$E:$G,3,FALSE))) -> BLOCK 02, ARDIA VERMOSA, IMUS | E80: =IFERROR(VLOOKUP(A80,[4]C1!$E:$S,15,FALSE),IFERROR(VLOOKUP(A80,[5]C1!$E:$T,16,FALSE),VLOOKUP(A80,[6]C1!$E:$T,16,FALSE))) -> 511010.96 | F80: 223.7 | G80: =IFERROR(VLOOKUP(A80,[4]C1!$E:$N,10,FALSE),IFERROR(VLOOKUP(A80,[5]C1!$E:$N,10,FALSE),VLOOKUP(A80,[6]C1!$E:$N,10,FALSE))) -> RHM | H80: REYZON MATIENZO | I80: =IFERROR(VLOOKUP(A80,[4]C1!$E:$L,8,FALSE),IFERROR(VLOOKUP(A80,[5]C1!$E:$L,8,FALSE),VLOOKUP(A80,[6]C1!$E:$L,8,FALSE))) -> CHALLENGER | L80: RPR | N80: =YEAR(IFERROR(VLOOKUP(A80,[4]C1!$E:$AA,23,FALSE),IFERROR(VLOOKUP(A80,[5]C1!$E:$AB,24,FALSE),VLOOKUP(A80,[6]C1!$E:$AB,23,FALSE)))) -> 2023 | O80: 45743 | P80: =IF(ISBLANK(O80),"NO","YES") -> YES | Q80: 45749 | R80: NO BACKJOB | S80: 6 | T80: =IFERROR(VLOOKUP(A80,[4]C1!$E:$BH,56,FALSE),IFERROR(VLOOKUP(A80,[5]C1!$E:$BI,57,FALSE),VLOOKUP(A80,[6]C1!$E:$BI,56,FALSE))) -> 45356
A81: P2205132719 | B81: 'P2205132719', | C81: =IFERROR(VLOOKUP(A81,[1]C1!$E:$F,2,FALSE),IFERROR(VLOOKUP(A81,[2]C1!$E:$F,2,FALSE),VLOOKUP(A81,[3]C1!$E:$F,2,FALSE))) -> C1_MAJOR (WDESIGN), DPWH RELOC OF POLES ALONG TAGAYTAY-BATANGAS RD MAITIM 2 WEST TAGAYTAY (JOB2) | D81: =IFERROR(VLOOKUP(A81,[3]C1!$E:$G,3,FALSE),IFERROR(VLOOKUP(A81,[2]C1!$E:$G,3,FALSE),VLOOKUP(A81,[1]C1!$E:$G,3,FALSE))) -> RICHMORELAND RICHMORELAND MAITIM 2ND WEST TAGAYTAY CITY CAVITE | E81: =IFERROR(VLOOKUP(A81,[4]C1!$E:$S,15,FALSE),IFERROR(VLOOKUP(A81,[5]C1!$E:$T,16,FALSE),VLOOKUP(A81,[6]C1!$E:$T,16,FALSE))) -> 5508294.5 | F81: 2860.77 | G81: =IFERROR(VLOOKUP(A81,[4]C1!$E:$N,10,FALSE),IFERROR(VLOOKUP(A81,[5]C1!$E:$N,10,FALSE),VLOOKUP(A81,[6]C1!$E:$N,10,FALSE))) -> IJP | H81: IAN PATRICK PEREZ | I81: =IFERROR(VLOOKUP(A81,[4]C1!$E:$L,8,FALSE),IFERROR(VLOOKUP(A81,[5]C1!$E:$L,8,FALSE),VLOOKUP(A81,[6]C1!$E:$L,8,FALSE))) -> POWERHOUSE | K81: 45748 | L81: C/O C2 | M81: CSB | N81: =YEAR(IFERROR(VLOOKUP(A81,[4]C1!$E:$AA,23,FALSE),IFERROR(VLOOKUP(A81,[5]C1!$E:$AB,24,FALSE),VLOOKUP(A81,[6]C1!$E:$AB,23,FALSE)))) -> 2023 | P81: =IF(ISBLANK(O81),"NO","YES") -> NO | S81: 37 | T81: =IFERROR(VLOOKUP(A81,[4]C1!$E:$BH,56,FALSE),IFERROR(VLOOKUP(A81,[5]C1!$E:$BI,57,FALSE),VLOOKUP(A81,[6]C1!$E:$BI,56,FALSE))) -> 45605
A82: P2202125055 | B82: 'P2202125055', | C82: =IFERROR(VLOOKUP(A82,[1]C1!$E:$F,2,FALSE),IFERROR(VLOOKUP(A82,[2]C1!$E:$F,2,FALSE),VLOOKUP(A82,[3]C1!$E:$F,2,FALSE))) -> C1_MAJOR (WDESIGN), DPWH RELOC OF POLES ALONG TAGAYTAY-BATANGAS ARTERIAL HIGHWAY, TAGAYTAY CITY | D82: =IFERROR(VLOOKUP(A82,[3]C1!$E:$G,3,FALSE),IFERROR(VLOOKUP(A82,[2]C1!$E:$G,3,FALSE),VLOOKUP(A82,[1]C1!$E:$G,3,FALSE))) -> MAITIM 2ND CENTRAL MAITIM 2ND CENTRAL MAITIM 2ND CENTRAL TAGAYTAY CITY CAVITE | E82: =IFERROR(VLOOKUP(A82,[4]C1!$E:$S,15,FALSE),IFERROR(VLOOKUP(A82,[5]C1!$E:$T,16,FALSE),VLOOKUP(A82,[6]C1!$E:$T,16,FALSE))) -> 5080118.2 | F82: 2761.52 | G82: =IFERROR(VLOOKUP(A82,[4]C1!$E:$N,10,FALSE),IFERROR(VLOOKUP(A82,[5]C1!$E:$N,10,FALSE),VLOOKUP(A82,[6]C1!$E:$N,10,FALSE))) -> IJP | H82: IAN PATRICK PEREZ | I82: =IFERROR(VLOOKUP(A82,[4]C1!$E:$L,8,FALSE),IFERROR(VLOOKUP(A82,[5]C1!$E:$L,8,FALSE),VLOOKUP(A82,[6]C1!$E:$L,8,FALSE))) -> POWERHOUSE | K82: 45748 | L82: C/O C2 | M82: CSB | N82: =YEAR(IFERROR(VLOOKUP(A82,[4]C1!$E:$AA,23,FALSE),IFERROR(VLOOKUP(A82,[5]C1!$E:$AB,24,FALSE),VLOOKUP(A82,[6]C1!$E:$AB,23,FALSE)))) -> 2024 | P82: =IF(ISBLANK(O82),"NO","YES") -> NO | S82: 37 | T82: =IFERROR(VLOOKUP(A82,[4]C1!$E:$BH,56,FALSE),IFERROR(VLOOKUP(A82,[5]C1!$E:$BI,57,FALSE),VLOOKUP(A82,[6]C1!$E:$BI,56,FALSE))) -> 45612
A83: X24104284473 | B83: 'X24104284473', | C83: =IFERROR(VLOOKUP(A83,[1]C1!$E:$F,2,FALSE),IFERROR(VLOOKUP(A83,[2]C1!$E:$F,2,FALSE),VLOOKUP(A83,[3]C1!$E:$F,2,FALSE))) -> E.M. CUERPO, INC. | D83: =IFERROR(VLOOKUP(A83,[3]C1!$E:$G,3,FALSE),IFERROR(VLOOKUP(A83,[2]C1!$E:$G,3,FALSE),VLOOKUP(A83,[1]C1!$E:$G,3,FALSE))) -> BLDG. 8, CIUDAD KAUNLARAN, BACOOR | E83: =IFERROR(VLOOKUP(A83,[4]C1!$E:$S,15,FALSE),IFERROR(VLOOKUP(A83,[5]C1!$E:$T,16,FALSE),VLOOKUP(A83,[6]C1!$E:$T,16,FALSE))) -> 465942.42 | F83: 103.33 | G83: =IFERROR(VLOOKUP(A83,[4]C1!$E:$N,10,FALSE),IFERROR(VLOOKUP(A83,[5]C1!$E:$N,10,FALSE),VLOOKUP(A83,[6]C1!$E:$N,10,FALSE))) -> JMM | H83: JENNETH MADRID | I83: =IFERROR(VLOOKUP(A83,[4]C1!$E:$L,8,FALSE),IFERROR(VLOOKUP(A83,[5]C1!$E:$L,8,FALSE),VLOOKUP(A83,[6]C1!$E:$L,8,FALSE))) -> POWERHOUSE | K83: 45747 | L83: AGD | M83: CSB | N83: =YEAR(IFERROR(VLOOKUP(A83,[4]C1!$E:$AA,23,FALSE),IFERROR(VLOOKUP(A83,[5]C1!$E:$AB,24,FALSE),VLOOKUP(A83,[6]C1!$E:$AB,23,FALSE)))) -> 2024 | O83: 45782 | P83: =IF(ISBLANK(O83),"NO","YES") -> YES | Q83: 45840 | R83: WITH BACKJOB | S83: 3 | T83: =IFERROR(VLOOKUP(A83,[4]C1!$E:$BH,56,FALSE),IFERROR(VLOOKUP(A83,[5]C1!$E:$BI,57,FALSE),VLOOKUP(A83,[6]C1!$E:$BI,56,FALSE))) -> 45737
A84: X24104284466 | B84: 'X24104284466', | C84: =IFERROR(VLOOKUP(A84,[1]C1!$E:$F,2,FALSE),IFERROR(VLOOKUP(A84,[2]C1!$E:$F,2,FALSE),VLOOKUP(A84,[3]C1!$E:$F,2,FALSE))) -> E.M. CUERPO, INC. | D84: =IFERROR(VLOOKUP(A84,[3]C1!$E:$G,3,FALSE),IFERROR(VLOOKUP(A84,[2]C1!$E:$G,3,FALSE),VLOOKUP(A84,[1]C1!$E:$G,3,FALSE))) -> BLDG. 7, CIUDAD KAUNLARAN, BACOOR | E84: =IFERROR(VLOOKUP(A84,[4]C1!$E:$S,15,FALSE),IFERROR(VLOOKUP(A84,[5]C1!$E:$T,16,FALSE),VLOOKUP(A84,[6]C1!$E:$T,16,FALSE))) -> 347849.46 | F84: 45 | G84: =IFERROR(VLOOKUP(A84,[4]C1!$E:$N,10,FALSE),IFERROR(VLOOKUP(A84,[5]C1!$E:$N,10,FALSE),VLOOKUP(A84,[6]C1!$E:$N,10,FALSE))) -> JMM | H84: JENNETH MADRID | I84: =IFERROR(VLOOKUP(A84,[4]C1!$E:$L,8,FALSE),IFERROR(VLOOKUP(A84,[5]C1!$E:$L,8,FALSE),VLOOKUP(A84,[6]C1!$E:$L,8,FALSE))) -> POWERHOUSE | K84: 45747 | L84: AGD | M84: CSB | N84: =YEAR(IFERROR(VLOOKUP(A84,[4]C1!$E:$AA,23,FALSE),IFERROR(VLOOKUP(A84,[5]C1!$E:$AB,24,FALSE),VLOOKUP(A84,[6]C1!$E:$AB,23,FALSE)))) -> 2024 | O84: 45751 | P84: =IF(ISBLANK(O84),"NO","YES") -> YES | Q84: 45758 | R84: WITH BACKJOB | S84: 3 | T84: =IFERROR(VLOOKUP(A84,[4]C1!$E:$BH,56,FALSE),IFERROR(VLOOKUP(A84,[5]C1!$E:$BI,57,FALSE),VLOOKUP(A84,[6]C1!$E:$BI,56,FALSE))) -> 45737
A85: X24104284465 | B85: 'X24104284465', | C85: =IFERROR(VLOOKUP(A85,[1]C1!$E:$F,2,FALSE),IFERROR(VLOOKUP(A85,[2]C1!$E:$F,2,FALSE),VLOOKUP(A85,[3]C1!$E:$F,2,FALSE))) -> E.M. CUERPO, INC. | D85: =IFERROR(VLOOKUP(A85,[3]C1!$E:$G,3,FALSE),IFERROR(VLOOKUP(A85,[2]C1!$E:$G,3,FALSE),VLOOKUP(A85,[1]C1!$E:$G,3,FALSE))) -> BLDG. 6, CIUDAD KAUNLARAN, BACOOR | E85: =IFERROR(VLOOKUP(A85,[4]C1!$E:$S,15,FALSE),IFERROR(VLOOKUP(A85,[5]C1!$E:$T,16,FALSE),VLOOKUP(A85,[6]C1!$E:$T,16,FALSE))) -> 496978.85 | F85: 134.02 | G85: =IFERROR(VLOOKUP(A85,[4]C1!$E:$N,10,FALSE),IFERROR(VLOOKUP(A85,[5]C1!$E:$N,10,FALSE),VLOOKUP(A85,[6]C1!$E:$N,10,FALSE))) -> JMM | H85: JENNETH MADRID | I85: =IFERROR(VLOOKUP(A85,[4]C1!$E:$L,8,FALSE),IFERROR(VLOOKUP(A85,[5]C1!$E:$L,8,FALSE),VLOOKUP(A85,[6]C1!$E:$L,8,FALSE))) -> POWERHOUSE | K85: 45747 | L85: AGD | M85: CSB | N85: =YEAR(IFERROR(VLOOKUP(A85,[4]C1!$E:$AA,23,FALSE),IFERROR(VLOOKUP(A85,[5]C1!$E:$AB,24,FALSE),VLOOKUP(A85,[6]C1!$E:$AB,23,FALSE)))) -> 2024 | O85: 45782 | P85: =IF(ISBLANK(O85),"NO","YES") -> YES | Q85: 45810 | R85: NO BACKJOB | S85: 3 | T85: =IFERROR(VLOOKUP(A85,[4]C1!$E:$BH,56,FALSE),IFERROR(VLOOKUP(A85,[5]C1!$E:$BI,57,FALSE),VLOOKUP(A85,[6]C1!$E:$BI,56,FALSE))) -> 45737
A86: X24104284463 | B86: 'X24104284463', | C86: =IFERROR(VLOOKUP(A86,[1]C1!$E:$F,2,FALSE),IFERROR(VLOOKUP(A86,[2]C1!$E:$F,2,FALSE),VLOOKUP(A86,[3]C1!$E:$F,2,FALSE))) -> E.M. CUERPO, INC. | D86: =IFERROR(VLOOKUP(A86,[3]C1!$E:$G,3,FALSE),IFERROR(VLOOKUP(A86,[2]C1!$E:$G,3,FALSE),VLOOKUP(A86,[1]C1!$E:$G,3,FALSE))) -> BLDG. 5, CIUDAD KAUNLARAN, BACOOR | E86: =IFERROR(VLOOKUP(A86,[4]C1!$E:$S,15,FALSE),IFERROR(VLOOKUP(A86,[5]C1!$E:$T,16,FALSE),VLOOKUP(A86,[6]C1!$E:$T,16,FALSE))) -> 870533.28 | F86: 265.05 | G86: =IFERROR(VLOOKUP(A86,[4]C1!$E:$N,10,FALSE),IFERROR(VLOOKUP(A86,[5]C1!$E:$N,10,FALSE),VLOOKUP(A86,[6]C1!$E:$N,10,FALSE))) -> JMM | H86: JENNETH MADRID | I86: =IFERROR(VLOOKUP(A86,[4]C1!$E:$L,8,FALSE),IFERROR(VLOOKUP(A86,[5]C1!$E:$L,8,FALSE),VLOOKUP(A86,[6]C1!$E:$L,8,FALSE))) -> POWERHOUSE | K86: 45747 | L86: AGD | M86: CSB | N86: =YEAR(IFERROR(VLOOKUP(A86,[4]C1!$E:$AA,23,FALSE),IFERROR(VLOOKUP(A86,[5]C1!$E:$AB,24,FALSE),VLOOKUP(A86,[6]C1!$E:$AB,23,FALSE)))) -> 2024 | P86: =IF(ISBLANK(O86),"NO","YES") -> NO | S86: 6 | T86: =IFERROR(VLOOKUP(A86,[4]C1!$E:$BH,56,FALSE),IFERROR(VLOOKUP(A86,[5]C1!$E:$BI,57,FALSE),VLOOKUP(A86,[6]C1!$E:$BI,56,FALSE))) -> 45737
A87: X24062487549 | B87: 'X24062487549', | C87: =IFERROR(VLOOKUP(A87,[1]C1!$E:$F,2,FALSE),IFERROR(VLOOKUP(A87,[2]C1!$E:$F,2,FALSE),VLOOKUP(A87,[3]C1!$E:$F,2,FALSE))) -> E.M. CUERPO, INC. | D87: =IFERROR(VLOOKUP(A87,[3]C1!$E:$G,3,FALSE),IFERROR(VLOOKUP(A87,[2]C1!$E:$G,3,FALSE),VLOOKUP(A87,[1]C1!$E:$G,3,FALSE))) -> BLDG. 4, CIUDAD KAUNLARAN, BACOOR | E87: =IFERROR(VLOOKUP(A87,[4]C1!$E:$S,15,FALSE),IFERROR(VLOOKUP(A87,[5]C1!$E:$T,16,FALSE),VLOOKUP(A87,[6]C1!$E:$T,16,FALSE))) -> 650461.72 | F87: 133.78 | G87: =IFERROR(VLOOKUP(A87,[4]C1!$E:$N,10,FALSE),IFERROR(VLOOKUP(A87,[5]C1!$E:$N,10,FALSE),VLOOKUP(A87,[6]C1!$E:$N,10,FALSE))) -> JSP | H87: JEMUEL PERALTA | I87: =IFERROR(VLOOKUP(A87,[4]C1!$E:$L,8,FALSE),IFERROR(VLOOKUP(A87,[5]C1!$E:$L,8,FALSE),VLOOKUP(A87,[6]C1!$E:$L,8,FALSE))) -> POWERHOUSE | K87: 45747 | L87: AGD | M87: CSB | N87: =YEAR(IFERROR(VLOOKUP(A87,[4]C1!$E:$AA,23,FALSE),IFERROR(VLOOKUP(A87,[5]C1!$E:$AB,24,FALSE),VLOOKUP(A87,[6]C1!$E:$AB,23,FALSE)))) -> 2024 | P87: =IF(ISBLANK(O87),"NO","YES") -> NO | S87: 5 | T87: =IFERROR(VLOOKUP(A87,[4]C1!$E:$BH,56,FALSE),IFERROR(VLOOKUP(A87,[5]C1!$E:$BI,57,FALSE),VLOOKUP(A87,[6]C1!$E:$BI,56,FALSE))) -> 45652
A88: X23031039495 | B88: 'X23031039495', | C88: =IFERROR(VLOOKUP(A88,[1]C1!$E:$F,2,FALSE),IFERROR(VLOOKUP(A88,[2]C1!$E:$F,2,FALSE),VLOOKUP(A88,[3]C1!$E:$F,2,FALSE))) -> LAWSON PHILIPPINES, INC. | D88: =IFERROR(VLOOKUP(A88,[3]C1!$E:$G,3,FALSE),IFERROR(VLOOKUP(A88,[2]C1!$E:$G,3,FALSE),VLOOKUP(A88,[1]C1!$E:$G,3,FALSE))) -> BLOCK 1, MARY HOMES PH 1A, BACOOR | E88: =IFERROR(VLOOKUP(A88,[4]C1!$E:$S,15,FALSE),IFERROR(VLOOKUP(A88,[5]C1!$E:$T,16,FALSE),VLOOKUP(A88,[6]C1!$E:$T,16,FALSE))) -> 526256.55 | F88: 132.73 | G88: =IFERROR(VLOOKUP(A88,[4]C1!$E:$N,10,FALSE),IFERROR(VLOOKUP(A88,[5]C1!$E:$N,10,FALSE),VLOOKUP(A88,[6]C1!$E:$N,10,FALSE))) -> RRG | H88: RONILO JR GANGE | I88: =IFERROR(VLOOKUP(A88,[4]C1!$E:$L,8,FALSE),IFERROR(VLOOKUP(A88,[5]C1!$E:$L,8,FALSE),VLOOKUP(A88,[6]C1!$E:$L,8,FALSE))) -> ECOM | K88: 45747 | L88: AGD | M88: CSB | N88: =YEAR(IFERROR(VLOOKUP(A88,[4]C1!$E:$AA,23,FALSE),IFERROR(VLOOKUP(A88,[5]C1!$E:$AB,24,FALSE),VLOOKUP(A88,[6]C1!$E:$AB,23,FALSE)))) -> 2024 | O88: 45747 | P88: =IF(ISBLANK(O88),"NO","YES") -> YES | Q88: 45840 | R88: NO BACKJOB | S88: 3 | T88: =IFERROR(VLOOKUP(A88,[4]C1!$E:$BH,56,FALSE),IFERROR(VLOOKUP(A88,[5]C1!$E:$BI,57,FALSE),VLOOKUP(A88,[6]C1!$E:$BI,56,FALSE))) -> 45626
A89: X23010189655 | B89: 'X23010189655', | C89: =IFERROR(VLOOKUP(A89,[1]C1!$E:$F,2,FALSE),IFERROR(VLOOKUP(A89,[2]C1!$E:$F,2,FALSE),VLOOKUP(A89,[3]C1!$E:$F,2,FALSE))) -> CITY GOVERNMENT OF BACOOR | D89: =IFERROR(VLOOKUP(A89,[3]C1!$E:$G,3,FALSE),IFERROR(VLOOKUP(A89,[2]C1!$E:$G,3,FALSE),VLOOKUP(A89,[1]C1!$E:$G,3,FALSE))) -> MOLINO BLVD., BAYANAN, BACOOR | E89: =IFERROR(VLOOKUP(A89,[4]C1!$E:$S,15,FALSE),IFERROR(VLOOKUP(A89,[5]C1!$E:$T,16,FALSE),VLOOKUP(A89,[6]C1!$E:$T,16,FALSE))) -> 1980536.6 | F89: 345.23 | G89: =IFERROR(VLOOKUP(A89,[4]C1!$E:$N,10,FALSE),IFERROR(VLOOKUP(A89,[5]C1!$E:$N,10,FALSE),VLOOKUP(A89,[6]C1!$E:$N,10,FALSE))) -> RRG | H89: RONILO JR GANGE | I89: =IFERROR(VLOOKUP(A89,[4]C1!$E:$L,8,FALSE),IFERROR(VLOOKUP(A89,[5]C1!$E:$L,8,FALSE),VLOOKUP(A89,[6]C1!$E:$L,8,FALSE))) -> AVECO | K89: 45747 | L89: AGD | M89: CSB | N89: =YEAR(IFERROR(VLOOKUP(A89,[4]C1!$E:$AA,23,FALSE),IFERROR(VLOOKUP(A89,[5]C1!$E:$AB,24,FALSE),VLOOKUP(A89,[6]C1!$E:$AB,23,FALSE)))) -> 2023 | P89: =IF(ISBLANK(O89),"NO","YES") -> NO | S89: 4 | T89: =IFERROR(VLOOKUP(A89,[4]C1!$E:$BH,56,FALSE),IFERROR(VLOOKUP(A89,[5]C1!$E:$BI,57,FALSE),VLOOKUP(A89,[6]C1!$E:$BI,56,FALSE))) -> 45495
A90: X24052001144 | B90: 'X24052001144', | C90: =IFERROR(VLOOKUP(A90,[1]C1!$E:$F,2,FALSE),IFERROR(VLOOKUP(A90,[2]C1!$E:$F,2,FALSE),VLOOKUP(A90,[3]C1!$E:$F,2,FALSE))) -> MGS CONSTRUCTION, INCORPORATED | D90: =IFERROR(VLOOKUP(A90,[3]C1!$E:$G,3,FALSE),IFERROR(VLOOKUP(A90,[2]C1!$E:$G,3,FALSE),VLOOKUP(A90,[1]C1!$E:$G,3,FALSE))) -> DAANG-HARI RD., MOLINO IV, BACOOR | E90: =IFERROR(VLOOKUP(A90,[4]C1!$E:$S,15,FALSE),IFERROR(VLOOKUP(A90,[5]C1!$E:$T,16,FALSE),VLOOKUP(A90,[6]C1!$E:$T,16,FALSE))) -> 103560.83 | F90: 156.6 | G90: =IFERROR(VLOOKUP(A90,[4]C1!$E:$N,10,FALSE),IFERROR(VLOOKUP(A90,[5]C1!$E:$N,10,FALSE),VLOOKUP(A90,[6]C1!$E:$N,10,FALSE))) -> RRG | H90: RONILO JR GANGE | I90: =IFERROR(VLOOKUP(A90,[4]C1!$E:$L,8,FALSE),IFERROR(VLOOKUP(A90,[5]C1!$E:$L,8,FALSE),VLOOKUP(A90,[6]C1!$E:$L,8,FALSE))) -> ECOM | K90: 45747 | L90: AGD | M90: CSB | N90: =YEAR(IFERROR(VLOOKUP(A90,[4]C1!$E:$AA,23,FALSE),IFERROR(VLOOKUP(A90,[5]C1!$E:$AB,24,FALSE),VLOOKUP(A90,[6]C1!$E:$AB,23,FALSE)))) -> 2024 | O90: 45747 | P90: =IF(ISBLANK(O90),"NO","YES") -> YES | Q90: 45799 | R90: NO BACKJOB | S90: 4 | T90: =IFERROR(VLOOKUP(A90,[4]C1!$E:$BH,56,FALSE),IFERROR(VLOOKUP(A90,[5]C1!$E:$BI,57,FALSE),VLOOKUP(A90,[6]C1!$E:$BI,56,FALSE))) -> 45652
A91: X24010179647 | B91: 'X24010179647', | C91: =IFERROR(VLOOKUP(A91,[1]C1!$E:$F,2,FALSE),IFERROR(VLOOKUP(A91,[2]C1!$E:$F,2,FALSE),VLOOKUP(A91,[3]C1!$E:$F,2,FALSE))) -> FRANCIS ERINE ACABADO SANTIAGUEL | D91: =IFERROR(VLOOKUP(A91,[3]C1!$E:$G,3,FALSE),IFERROR(VLOOKUP(A91,[2]C1!$E:$G,3,FALSE),VLOOKUP(A91,[1]C1!$E:$G,3,FALSE))) -> GSIS, MOLINO III, BACOOR | E91: =IFERROR(VLOOKUP(A91,[4]C1!$E:$S,15,FALSE),IFERROR(VLOOKUP(A91,[5]C1!$E:$T,16,FALSE),VLOOKUP(A91,[6]C1!$E:$T,16,FALSE))) -> 389872.78 | F91: 72.65 | G91: =IFERROR(VLOOKUP(A91,[4]C1!$E:$N,10,FALSE),IFERROR(VLOOKUP(A91,[5]C1!$E:$N,10,FALSE),VLOOKUP(A91,[6]C1!$E:$N,10,FALSE))) -> JSP | H91: JEMUEL PERALTA | I91: =IFERROR(VLOOKUP(A91,[4]C1!$E:$L,8,FALSE),IFERROR(VLOOKUP(A91,[5]C1!$E:$L,8,FALSE),VLOOKUP(A91,[6]C1!$E:$L,8,FALSE))) -> CHALLENGER | K91: 45747 | L91: AGD | M91: CSB | N91: =YEAR(IFERROR(VLOOKUP(A91,[4]C1!$E:$AA,23,FALSE),IFERROR(VLOOKUP(A91,[5]C1!$E:$AB,24,FALSE),VLOOKUP(A91,[6]C1!$E:$AB,23,FALSE)))) -> 2024 | O91: 45747 | P91: =IF(ISBLANK(O91),"NO","YES") -> YES | Q91: 45791 | R91: WITH BACKJOB | S91: 4 | T91: =IFERROR(VLOOKUP(A91,[4]C1!$E:$BH,56,FALSE),IFERROR(VLOOKUP(A91,[5]C1!$E:$BI,57,FALSE),VLOOKUP(A91,[6]C1!$E:$BI,56,FALSE))) -> 45631
A92: X23103901545 | B92: 'X23103901545', | C92: =IFERROR(VLOOKUP(A92,[1]C1!$E:$F,2,FALSE),IFERROR(VLOOKUP(A92,[2]C1!$E:$F,2,FALSE),VLOOKUP(A92,[3]C1!$E:$F,2,FALSE))) -> HOUSEHOLD DEVELOPMENT CORPORATION | D92: =IFERROR(VLOOKUP(A92,[3]C1!$E:$G,3,FALSE),IFERROR(VLOOKUP(A92,[2]C1!$E:$G,3,FALSE),VLOOKUP(A92,[1]C1!$E:$G,3,FALSE))) -> LUARCA, THE HERMOSA PHASE 2, LAS PINAS CITY | E92: =IFERROR(VLOOKUP(A92,[4]C1!$E:$S,15,FALSE),IFERROR(VLOOKUP(A92,[5]C1!$E:$T,16,FALSE),VLOOKUP(A92,[6]C1!$E:$T,16,FALSE))) -> 54247.02 | F92: 28.43 | G92: =IFERROR(VLOOKUP(A92,[4]C1!$E:$N,10,FALSE),IFERROR(VLOOKUP(A92,[5]C1!$E:$N,10,FALSE),VLOOKUP(A92,[6]C1!$E:$N,10,FALSE))) -> EAO | H92: RONILO JR GANGE | I92: =IFERROR(VLOOKUP(A92,[4]C1!$E:$L,8,FALSE),IFERROR(VLOOKUP(A92,[5]C1!$E:$L,8,FALSE),VLOOKUP(A92,[6]C1!$E:$L,8,FALSE))) -> AVECO | K92: 45747 | L92: ECI | M92: CSB | N92: =YEAR(IFERROR(VLOOKUP(A92,[4]C1!$E:$AA,23,FALSE),IFERROR(VLOOKUP(A92,[5]C1!$E:$AB,24,FALSE),VLOOKUP(A92,[6]C1!$E:$AB,23,FALSE)))) -> 2023 | O92: 45811 | P92: =IF(ISBLANK(O92),"NO","YES") -> YES | Q92: / | R92: NO BACKJOB | S92: 2 | T92: =IFERROR(VLOOKUP(A92,[4]C1!$E:$BH,56,FALSE),IFERROR(VLOOKUP(A92,[5]C1!$E:$BI,57,FALSE),VLOOKUP(A92,[6]C1!$E:$BI,56,FALSE))) -> 45664
A93: X23020602689 | B93: 'X23020602689', | C93: =IFERROR(VLOOKUP(A93,[1]C1!$E:$F,2,FALSE),IFERROR(VLOOKUP(A93,[2]C1!$E:$F,2,FALSE),VLOOKUP(A93,[3]C1!$E:$F,2,FALSE))) -> CITY GOV'T OF LAS PIÑAS | D93: =IFERROR(VLOOKUP(A93,[3]C1!$E:$G,3,FALSE),IFERROR(VLOOKUP(A93,[2]C1!$E:$G,3,FALSE),VLOOKUP(A93,[1]C1!$E:$G,3,FALSE))) -> MINDANAO, CAA CPD TIMOG, LAS PINAS CITY | E93: =IFERROR(VLOOKUP(A93,[4]C1!$E:$S,15,FALSE),IFERROR(VLOOKUP(A93,[5]C1!$E:$T,16,FALSE),VLOOKUP(A93,[6]C1!$E:$T,16,FALSE))) -> 300029.98 | F93: 58.92 | G93: =IFERROR(VLOOKUP(A93,[4]C1!$E:$N,10,FALSE),IFERROR(VLOOKUP(A93,[5]C1!$E:$N,10,FALSE),VLOOKUP(A93,[6]C1!$E:$N,10,FALSE))) -> JSP | H93: JEMUEL PERALTA | I93: =IFERROR(VLOOKUP(A93,[4]C1!$E:$L,8,FALSE),IFERROR(VLOOKUP(A93,[5]C1!$E:$L,8,FALSE),VLOOKUP(A93,[6]C1!$E:$L,8,FALSE))) -> VJC | K93: 45747 | L93: AGD | M93: CSB | N93: =YEAR(IFERROR(VLOOKUP(A93,[4]C1!$E:$AA,23,FALSE),IFERROR(VLOOKUP(A93,[5]C1!$E:$AB,24,FALSE),VLOOKUP(A93,[6]C1!$E:$AB,23,FALSE)))) -> 2023 | P93: =IF(ISBLANK(O93),"NO","YES") -> NO | S93: 5 | T93: =IFERROR(VLOOKUP(A93,[4]C1!$E:$BH,56,FALSE),IFERROR(VLOOKUP(A93,[5]C1!$E:$BI,57,FALSE),VLOOKUP(A93,[6]C1!$E:$BI,56,FALSE))) -> 45094
A94: X24041460909 | B94: 'X24041460909', | C94: =IFERROR(VLOOKUP(A94,[1]C1!$E:$F,2,FALSE),IFERROR(VLOOKUP(A94,[2]C1!$E:$F,2,FALSE),VLOOKUP(A94,[3]C1!$E:$F,2,FALSE))) -> SERVEQUEST PROPERTIES CORPORATION | D94: =IFERROR(VLOOKUP(A94,[3]C1!$E:$G,3,FALSE),IFERROR(VLOOKUP(A94,[2]C1!$E:$G,3,FALSE),VLOOKUP(A94,[1]C1!$E:$G,3,FALSE))) -> J. ELIZALDE, BF HOMES, PARANAQUE | E94: =IFERROR(VLOOKUP(A94,[4]C1!$E:$S,15,FALSE),IFERROR(VLOOKUP(A94,[5]C1!$E:$T,16,FALSE),VLOOKUP(A94,[6]C1!$E:$T,16,FALSE))) -> 642153.58 | F94: 163.62 | G94: =IFERROR(VLOOKUP(A94,[4]C1!$E:$N,10,FALSE),IFERROR(VLOOKUP(A94,[5]C1!$E:$N,10,FALSE),VLOOKUP(A94,[6]C1!$E:$N,10,FALSE))) -> RRG | H94: RONILO JR GANGE | I94: =IFERROR(VLOOKUP(A94,[4]C1!$E:$L,8,FALSE),IFERROR(VLOOKUP(A94,[5]C1!$E:$L,8,FALSE),VLOOKUP(A94,[6]C1!$E:$L,8,FALSE))) -> ECOM | K94: 45747 | L94: AGD | M94: CSB | N94: =YEAR(IFERROR(VLOOKUP(A94,[4]C1!$E:$AA,23,FALSE),IFERROR(VLOOKUP(A94,[5]C1!$E:$AB,24,FALSE),VLOOKUP(A94,[6]C1!$E:$AB,23,FALSE)))) -> 2024 | O94: 45750 | P94: =IF(ISBLANK(O94),"NO","YES") -> YES | Q94: 45771 | R94: WITH BACKJOB | S94: 4 | T94: =IFERROR(VLOOKUP(A94,[4]C1!$E:$BH,56,FALSE),IFERROR(VLOOKUP(A94,[5]C1!$E:$BI,57,FALSE),VLOOKUP(A94,[6]C1!$E:$BI,56,FALSE))) -> 45673
A95: X24093563951 | B95: 'X24093563951', | C95: =IFERROR(VLOOKUP(A95,[1]C1!$E:$F,2,FALSE),IFERROR(VLOOKUP(A95,[2]C1!$E:$F,2,FALSE),VLOOKUP(A95,[3]C1!$E:$F,2,FALSE))) -> JUAN VICTOR SANTOS VALDEZ | D95: =IFERROR(VLOOKUP(A95,[3]C1!$E:$G,3,FALSE),IFERROR(VLOOKUP(A95,[2]C1!$E:$G,3,FALSE),VLOOKUP(A95,[1]C1!$E:$G,3,FALSE))) -> CEBU, ALABANG HILLS SUBD PH 3, MUNTINLUPA | E95: =IFERROR(VLOOKUP(A95,[4]C1!$E:$S,15,FALSE),IFERROR(VLOOKUP(A95,[5]C1!$E:$T,16,FALSE),VLOOKUP(A95,[6]C1!$E:$T,16,FALSE))) -> 594754.26 | F95: 178.72 | G95: =IFERROR(VLOOKUP(A95,[4]C1!$E:$N,10,FALSE),IFERROR(VLOOKUP(A95,[5]C1!$E:$N,10,FALSE),VLOOKUP(A95,[6]C1!$E:$N,10,FALSE))) -> JSP | H95: JEMUEL PERALTA | I95: =IFERROR(VLOOKUP(A95,[4]C1!$E:$L,8,FALSE),IFERROR(VLOOKUP(A95,[5]C1!$E:$L,8,FALSE),VLOOKUP(A95,[6]C1!$E:$L,8,FALSE))) -> CHALLENGER | J95: 45750 | K95: 45750 | L95: RAC | M95: CSB | N95: =YEAR(IFERROR(VLOOKUP(A95,[4]C1!$E:$AA,23,FALSE),IFERROR(VLOOKUP(A95,[5]C1!$E:$AB,24,FALSE),VLOOKUP(A95,[6]C1!$E:$AB,23,FALSE)))) -> 2024 | O95: 45761 | P95: =IF(ISBLANK(O95),"NO","YES") -> YES | Q95: 45778 | R95: WITH BACKJOB | S95: 8 | T95: =IFERROR(VLOOKUP(A95,[4]C1!$E:$BH,56,FALSE),IFERROR(VLOOKUP(A95,[5]C1!$E:$BI,57,FALSE),VLOOKUP(A95,[6]C1!$E:$BI,56,FALSE))) -> 45695
A96: X24041298356 | B96: 'X24041298356', | C96: =IFERROR(VLOOKUP(A96,[1]C1!$E:$F,2,FALSE),IFERROR(VLOOKUP(A96,[2]C1!$E:$F,2,FALSE),VLOOKUP(A96,[3]C1!$E:$F,2,FALSE))) -> MARY CATHERINE H TY | D96: =IFERROR(VLOOKUP(A96,[3]C1!$E:$G,3,FALSE),IFERROR(VLOOKUP(A96,[2]C1!$E:$G,3,FALSE),VLOOKUP(A96,[1]C1!$E:$G,3,FALSE))) -> ORMOC, ALABANG HILLS SUBD PH 2, MUNTINLUPA | E96: =IFERROR(VLOOKUP(A96,[4]C1!$E:$S,15,FALSE),IFERROR(VLOOKUP(A96,[5]C1!$E:$T,16,FALSE),VLOOKUP(A96,[6]C1!$E:$T,16,FALSE))) -> 266599.94 | F96: 51.72 | G96: =IFERROR(VLOOKUP(A96,[4]C1!$E:$N,10,FALSE),IFERROR(VLOOKUP(A96,[5]C1!$E:$N,10,FALSE),VLOOKUP(A96,[6]C1!$E:$N,10,FALSE))) -> JSP | H96: JEMUEL PERALTA | I96: =IFERROR(VLOOKUP(A96,[4]C1!$E:$L,8,FALSE),IFERROR(VLOOKUP(A96,[5]C1!$E:$L,8,FALSE),VLOOKUP(A96,[6]C1!$E:$L,8,FALSE))) -> CHALLENGER | J96: 45750 | K96: 45750 | L96: RAC | M96: CSB | N96: =YEAR(IFERROR(VLOOKUP(A96,[4]C1!$E:$AA,23,FALSE),IFERROR(VLOOKUP(A96,[5]C1!$E:$AB,24,FALSE),VLOOKUP(A96,[6]C1!$E:$AB,23,FALSE)))) -> 2024 | O96: 45761 | P96: =IF(ISBLANK(O96),"NO","YES") -> YES | Q96: 45778 | R96: WITH BACKJOB | S96: 3 | T96: =IFERROR(VLOOKUP(A96,[4]C1!$E:$BH,56,FALSE),IFERROR(VLOOKUP(A96,[5]C1!$E:$BI,57,FALSE),VLOOKUP(A96,[6]C1!$E:$BI,56,FALSE))) -> 45695
A97: X24103906896 | B97: 'X24103906896', | C97: =IFERROR(VLOOKUP(A97,[1]C1!$E:$F,2,FALSE),IFERROR(VLOOKUP(A97,[2]C1!$E:$F,2,FALSE),VLOOKUP(A97,[3]C1!$E:$F,2,FALSE))) -> SBA INVESTMENT, INC. | D97: =IFERROR(VLOOKUP(A97,[3]C1!$E:$G,3,FALSE),IFERROR(VLOOKUP(A97,[2]C1!$E:$G,3,FALSE),VLOOKUP(A97,[1]C1!$E:$G,3,FALSE))) -> BATANGAS NORTH, AYALA-ALABANG VILL, MUNTINLUPA | E97: =IFERROR(VLOOKUP(A97,[4]C1!$E:$S,15,FALSE),IFERROR(VLOOKUP(A97,[5]C1!$E:$T,16,FALSE),VLOOKUP(A97,[6]C1!$E:$T,16,FALSE))) -> 308293.44 | F97: 75.87 | G97: =IFERROR(VLOOKUP(A97,[4]C1!$E:$N,10,FALSE),IFERROR(VLOOKUP(A97,[5]C1!$E:$N,10,FALSE),VLOOKUP(A97,[6]C1!$E:$N,10,FALSE))) -> JSP | H97: JEMUEL PERALTA | I97: =IFERROR(VLOOKUP(A97,[4]C1!$E:$L,8,FALSE),IFERROR(VLOOKUP(A97,[5]C1!$E:$L,8,FALSE),VLOOKUP(A97,[6]C1!$E:$L,8,FALSE))) -> CHALLENGER | J97: 45750 | K97: 45750 | L97: RAC | M97: CSB | N97: =YEAR(IFERROR(VLOOKUP(A97,[4]C1!$E:$AA,23,FALSE),IFERROR(VLOOKUP(A97,[5]C1!$E:$AB,24,FALSE),VLOOKUP(A97,[6]C1!$E:$AB,23,FALSE)))) -> 2024 | O97: 45796 | P97: =IF(ISBLANK(O97),"NO","YES") -> YES | Q97: 45817 | R97: NO BACKJOB | S97: 3 | T97: =IFERROR(VLOOKUP(A97,[4]C1!$E:$BH,56,FALSE),IFERROR(VLOOKUP(A97,[5]C1!$E:$BI,57,FALSE),VLOOKUP(A97,[6]C1!$E:$BI,56,FALSE))) -> 45706
A98: X24093627247 | B98: 'X24093627247', | C98: =IFERROR(VLOOKUP(A98,[1]C1!$E:$F,2,FALSE),IFERROR(VLOOKUP(A98,[2]C1!$E:$F,2,FALSE),VLOOKUP(A98,[3]C1!$E:$F,2,FALSE))) -> DITO TELECOMMUNITY CORPORATION | D98: =IFERROR(VLOOKUP(A98,[3]C1!$E:$G,3,FALSE),IFERROR(VLOOKUP(A98,[2]C1!$E:$G,3,FALSE),VLOOKUP(A98,[1]C1!$E:$G,3,FALSE))) -> GREENLAND, TOPLAND SUBD - SAV 13, PARANAQUE | E98: =IFERROR(VLOOKUP(A98,[4]C1!$E:$S,15,FALSE),IFERROR(VLOOKUP(A98,[5]C1!$E:$T,16,FALSE),VLOOKUP(A98,[6]C1!$E:$T,16,FALSE))) -> 235473.65 | F98: 48.73 | G98: =IFERROR(VLOOKUP(A98,[4]C1!$E:$N,10,FALSE),IFERROR(VLOOKUP(A98,[5]C1!$E:$N,10,FALSE),VLOOKUP(A98,[6]C1!$E:$N,10,FALSE))) -> JSP | H98: JEMUEL PERALTA | I98: =IFERROR(VLOOKUP(A98,[4]C1!$E:$L,8,FALSE),IFERROR(VLOOKUP(A98,[5]C1!$E:$L,8,FALSE),VLOOKUP(A98,[6]C1!$E:$L,8,FALSE))) -> CHALLENGER | J98: 45750 | K98: 45750 | L98: RAC | M98: CSB | N98: =YEAR(IFERROR(VLOOKUP(A98,[4]C1!$E:$AA,23,FALSE),IFERROR(VLOOKUP(A98,[5]C1!$E:$AB,24,FALSE),VLOOKUP(A98,[6]C1!$E:$AB,23,FALSE)))) -> 2024 | O98: 45752 | P98: =IF(ISBLANK(O98),"NO","YES") -> YES | Q98: 45817 | R98: NO BACKJOB | S98: 2 | T98: =IFERROR(VLOOKUP(A98,[4]C1!$E:$BH,56,FALSE),IFERROR(VLOOKUP(A98,[5]C1!$E:$BI,57,FALSE),VLOOKUP(A98,[6]C1!$E:$BI,56,FALSE))) -> 45706
A99: X24041316086 | B99: 'X24041316086', | C99: =IFERROR(VLOOKUP(A99,[1]C1!$E:$F,2,FALSE),IFERROR(VLOOKUP(A99,[2]C1!$E:$F,2,FALSE),VLOOKUP(A99,[3]C1!$E:$F,2,FALSE))) -> JASMIN VALDEZ SALVADOR | D99: =IFERROR(VLOOKUP(A99,[3]C1!$E:$G,3,FALSE),IFERROR(VLOOKUP(A99,[2]C1!$E:$G,3,FALSE),VLOOKUP(A99,[1]C1!$E:$G,3,FALSE))) -> BROOKSIDE, LEVITOWN PH 9 SUBD, PARANAQUE | E99: =IFERROR(VLOOKUP(A99,[4]C1!$E:$S,15,FALSE),IFERROR(VLOOKUP(A99,[5]C1!$E:$T,16,FALSE),VLOOKUP(A99,[6]C1!$E:$T,16,FALSE))) -> 621370.93 | F99: 191.28 | G99: =IFERROR(VLOOKUP(A99,[4]C1!$E:$N,10,FALSE),IFERROR(VLOOKUP(A99,[5]C1!$E:$N,10,FALSE),VLOOKUP(A99,[6]C1!$E:$N,10,FALSE))) -> JSP | H99: JEMUEL PERALTA | I99: =IFERROR(VLOOKUP(A99,[4]C1!$E:$L,8,FALSE),IFERROR(VLOOKUP(A99,[5]C1!$E:$L,8,FALSE),VLOOKUP(A99,[6]C1!$E:$L,8,FALSE))) -> CHALLENGER | K99: 45750 | L99: RAC | M99: CSB | N99: =YEAR(IFERROR(VLOOKUP(A99,[4]C1!$E:$AA,23,FALSE),IFERROR(VLOOKUP(A99,[5]C1!$E:$AB,24,FALSE),VLOOKUP(A99,[6]C1!$E:$AB,23,FALSE)))) -> 2024 | O99: 45832 | P99: =IF(ISBLANK(O99),"NO","YES") -> YES | Q99: 45855 | R99: NO BACKJOB | S99: 7 | T99: =IFERROR(VLOOKUP(A99,[4]C1!$E:$BH,56,FALSE),IFERROR(VLOOKUP(A99,[5]C1!$E:$BI,57,FALSE),VLOOKUP(A99,[6]C1!$E:$BI,56,FALSE))) -> 45684
A100: X24051727275 | B100: 'X24051727275', | C100: =IFERROR(VLOOKUP(A100,[1]C1!$E:$F,2,FALSE),IFERROR(VLOOKUP(A100,[2]C1!$E:$F,2,FALSE),VLOOKUP(A100,[3]C1!$E:$F,2,FALSE))) -> STARCROSS CONSTRUCTION INC. | D100: =IFERROR(VLOOKUP(A100,[3]C1!$E:$G,3,FALSE),IFERROR(VLOOKUP(A100,[2]C1!$E:$G,3,FALSE),VLOOKUP(A100,[1]C1!$E:$G,3,FALSE))) -> PACWOOD, PACWOOD, MUNTINLUPA | E100: =IFERROR(VLOOKUP(A100,[4]C1!$E:$S,15,FALSE),IFERROR(VLOOKUP(A100,[5]C1!$E:$T,16,FALSE),VLOOKUP(A100,[6]C1!$E:$T,16,FALSE))) -> 515966.83 | F100: 137.6 | G100: =IFERROR(VLOOKUP(A100,[4]C1!$E:$N,10,FALSE),IFERROR(VLOOKUP(A100,[5]C1!$E:$N,10,FALSE),VLOOKUP(A100,[6]C1!$E:$N,10,FALSE))) -> JSP | H100: JEMUEL PERALTA | I100: =IFERROR(VLOOKUP(A100,[4]C1!$E:$L,8,FALSE),IFERROR(VLOOKUP(A100,[5]C1!$E:$L,8,FALSE),VLOOKUP(A100,[6]C1!$E:$L,8,FALSE))) -> CHALLENGER | K100: 45750 | L100: RAC | M100: CSB | N100: =YEAR(IFERROR(VLOOKUP(A100,[4]C1!$E:$AA,23,FALSE),IFERROR(VLOOKUP(A100,[5]C1!$E:$AB,24,FALSE),VLOOKUP(A100,[6]C1!$E:$AB,23,FALSE)))) -> 2024 | O100: 45788 | P100: =IF(ISBLANK(O100),"NO","YES") -> YES | Q100: 45855 | R100: WITH BACKJOB | S100: 8 | T100: =IFERROR(VLOOKUP(A100,[4]C1!$E:$BH,56,FALSE),IFERROR(VLOOKUP(A100,[5]C1!$E:$BI,57,FALSE),VLOOKUP(A100,[6]C1!$E:$BI,56,FALSE))) -> 45665
...

Sheet Sheet11
A1: RAC
A2: CMR
A3: AGD
A4: ECI
A5: RPR
A6: RM
A7: NCB
A8: GTO

Sheet SUMMARY
A2: DONE AUDIT | B2: TOTAL | E2: 2022 | H2: 2023 | K2: 2024 | N2: 2025
B3: WO COUNT | C3: WO COST | D3: TOTAL MANHOURS | E3: WO COUNT | F3: WO COST | G3: TOTAL MANHOURS | H3: WO COUNT | I3: WO COST | J3: TOTAL MANHOURS | K3: WO COUNT | L3: WO COST | M3: TOTAL MANHOURS | N3: WO COUNT | O3: WO COST | P3: TOTAL MANHOURS
A4: QI | B4: =SUM(B5:B11) -> 121 | C4: =SUM(C5:C11) -> 56312164 | D4: =SUM(D5:D11) -> 26938.99 | E4: =SUM(E5:E11) -> 1 | F4: =SUM(F5:F11) -> 535717.03 | G4: =SUM(G5:G11) -> 238.85 | H4: =SUM(H5:H11) -> 17 | I4: =SUM(I5:I11) -> 6827766 | ... P4: =SUM(P5:P11) -> 1924.18
A5: AGD | B5: =SUM(E5,H5,K5,N5) -> 34 | C5: =SUM(F5,I5,L5,O5) -> 12156643 | D5: =SUM(G5,J5,M5,P5) -> 4822.98 | H5: 5 | I5: 1206324.5 | J5: 418.4 | K5: 17 | L5: 6226447.1 | M5: 3200.98 | N5: 12 | O5: 4723871.8 | P5: 1203.6
A6: CMR | B6: =SUM(E6,H6,K6,N6) -> 4 | C6: =SUM(F6,I6,L6,O6) -> 3146456 | D6: =SUM(G6,J6,M6,P6) -> 1134.7 | K6: 4 | L6: 3146456 | M6: 1134.7
A7: ECI | B7: =SUM(E7,H7,K7,N7) -> 29 | C7: =SUM(F7,I7,L7,O7) -> 10869285 | D7: =SUM(G7,J7,M7,P7) -> 8829.96 | E7: 1 | F7: 535717.03 | G7: 238.85 | H7: 2 | I7: 890709.71 | J7: 271.32 | K7: 21 | L7: 7606553.1 | M7: 7688.03 | N7: 5 | O7: 1836304.7 | P7: 631.76
A8: RAC | B8: =SUM(E8,H8,K8,N8) -> 34 | C8: =SUM(F8,I8,L8,O8) -> 20343280 | D8: =SUM(G8,J8,M8,P8) -> 6024.02 | H8: 4 | I8: 1188123.2 | J8: 587.23 | K8: 30 | L8: 19155157 | M8: 5436.79
A9: RPR | B9: =SUM(E9,H9,K9,N9) -> 6 | C9: =SUM(F9,I9,L9,O9) -> 3146574.5 | D9: =SUM(G9,J9,M9,P9) -> 1439.83 | H9: 5 | I9: 3002766.8 | J9: 1420.91 | N9: 1 | O9: 143807.71 | P9: 18.92
A10: NCB | B10: =SUM(E10,H10,K10,N10) -> 2 | C10: =SUM(F10,I10,L10,O10) -> 664963.59 | D10: =SUM(G10,J10,M10,P10) -> 129.33 | K10: 2 | L10: 664963.59 | M10: 129.33
A11: ECI/AGD | B11: =SUM(E11,H11,K11,N11) -> 12 | C11: =SUM(F11,I11,L11,O11) -> 5984961.6 | D11: =SUM(G11,J11,M11,P11) -> 4558.17 | H11: 1 | I11: 539841.81 | J11: 300.3 | K11: 10 | L11: 4979432.1 | M11: 4187.97 | N11: 1 | O11: 465687.7 | P11: 69.9
A17: DONE AUDIT | B17: TOTAL | E17: 2022 | H17: 2023 | K17: 2024 | N17: 2025
B18: WO COUNT | C18: WO COST | D18: TOTAL MANHOURS | E18: WO COUNT | F18: WO COST | G18: TOTAL MANHOURS | H18: WO COUNT | I18: WO COST | J18: TOTAL MANHOURS | K18: WO COUNT | L18: WO COST | M18: TOTAL MANHOURS | N18: WO COUNT | O18: WO COST | P18: TOTAL MANHOURS
A19: VENDOR | B19: =SUM(B20:B25) -> 121 | C19: =SUM(C20:C25) -> 56312164 | D19: =SUM(D20:D25) -> 26938.99 | E19: =SUM(E20:E25) -> 1 | F19: =SUM(F20:F25) -> 535717.03 | G19: =SUM(G20:G25) -> 238.85 | H19: =SUM(H20:H25) -> 17 | I19: =SUM(I20:I25) -> 6827766 | ... P19: =SUM(P20:P25) -> 1924.18
A20: AVECO | B20: =SUM(E20,H20,K20,N20) -> 12 | C20: =SUM(F20,I20,L20,O20) -> 4928911 | D20: =SUM(G20,J20,M20,P20) -> 1789.3 | H20: 6 | I20: 2057287.3 | J20: 892.59 | K20: 6 | L20: 2871623.7 | M20: 896.71
A21: CHALLENGER | B21: =SUM(E21,H21,K21,N21) -> 46 | C21: =SUM(F21,I21,L21,O21) -> 27571285 | D21: =SUM(G21,J21,M21,P21) -> 8466.19 | H21: 10 | I21: 4525384.9 | J21: 2037.94 | K21: 26 | L21: 19645288 | M21: 5672.81 | N21: 10 | O21: 3400612 | P21: 755.44
A22: ECOM | B22: =SUM(E22,H22,K22,N22) -> 18 | C22: =SUM(F22,I22,L22,O22) -> 7646009.3 | D22: =SUM(G22,J22,M22,P22) -> 2181.58 | K22: 17 | L22: 7180321.6 | M22: 2111.68 | N22: 1 | O22: 465687.7 | P22: 69.9
A23: POWERHOUSE | B23: =SUM(E23,H23,K23,N23) -> 14 | C23: =SUM(F23,I23,L23,O23) -> 4713274.8 | D23: =SUM(G23,J23,M23,P23) -> 1224.63 | E23: 1 | F23: 535717.03 | G23: 238.85 | H23: 1 | I23: 245093.83 | J23: 67.63 | K23: 11 | L23: 3099170.4 | M23: 773.55 | N23: 1 | O23: 833293.59 | P23: 144.6
A24: VJC | B24: =SUM(E24,H24,K24,N24) -> 30 | C24: =SUM(F24,I24,L24,O24) -> 11308876 | D24: =SUM(G24,J24,M24,P24) -> 13258.37 | K24: 24 | L24: 8982605.1 | M24: 12323.05 | N24: 6 | O24: 2326270.9 | P24: 935.32
A25: MAINTENANCE | B25: =SUM(E25,H25,K25,N25) -> 1 | C25: =SUM(F25,I25,L25,O25) -> 143807.71 | D25: =SUM(G25,J25,M25,P25) -> 18.92 | N25: 1 | O25: 143807.71 | P25: 18.92
A44: ONGOING AUDIT | B44: TOTAL | E44: 2022 | H44: 2023 | K44: 2024 | N44: 2025
B45: WO COUNT | C45: WO COST | D45: TOTAL MANHOURS | E45: WO COUNT | F45: WO COST | G45: TOTAL MANHOURS | H45: WO COUNT | I45: WO COST | J45: TOTAL MANHOURS | K45: WO COUNT | L45: WO COST | M45: TOTAL MANHOURS | N45: WO COUNT | O45: WO COST | P45: TOTAL MANHOURS
A46: QI | B46: =SUM(B47:B55) -> 69 | C46: =SUM(C47:C55) -> 45074557 | D46: =SUM(D47:D55) -> 28003.47 | E46: =SUM(E47:E55) -> 1 | F46: =SUM(F47:F55) -> 446398.79 | G46: =SUM(G47:G55) -> 225.67 | H46: =SUM(H47:H55) -> 22 | I46: =SUM(I47:I55) -> 18972677 | ... P46: =SUM(P47:P55) -> 772.43
A47: AGD | B47: =SUM(E47,H47,K47,N47) -> 18 | C47: =SUM(F47,I47,L47,O47) -> 10461768 | D47: =SUM(G47,J47,M47,P47) -> 7414.23 | H47: 8 | I47: 4668625.7 | J47: 1569 | K47: 8 | L47: 4747655.8 | M47: 5528.68 | N47: 2 | O47: 1045487 | P47: 316.55
A48: ECI | B48: =SUM(E48,H48,K48,N48) -> 25 | C48: =SUM(F48,I48,L48,O48) -> 8278643.6 | D48: =SUM(G48,J48,M48,P48) -> 9729.63 | E48: 1 | F48: 446398.79 | G48: 225.67 | H48: 4 | I48: 918306.95 | J48: 189.19 | K48: 20 | L48: 6913937.9 | M48: 9314.77
A49: RAC | B49: =SUM(E49,H49,K49,N49) -> 14 | C49: =SUM(F49,I49,L49,O49) -> 7077527 | D49: =SUM(G49,J49,M49,P49) -> 1820.16 | H49: 3 | I49: 1094540.2 | J49: 281.36 | K49: 10 | L49: 4418772.5 | M49: 1153.48 | N49: 1 | O49: 1564214.3 | P49: 385.32
A50: C/O SIR IAN | B50: =SUM(E50,H50,K50,N50) -> 2 | C50: =SUM(F50,I50,L50,O50) -> 2653941 | D50: =SUM(G50,J50,M50,P50) -> 1422.93 | H50: 2 | I50: 2653941 | J50: 1422.93
A51: C/O JGR | B51: =SUM(E51,H51,K51,N51) -> 3 | C51: =SUM(F51,I51,L51,O51) -> 2018395.3 | D51: =SUM(G51,J51,M51,P51) -> 699.95 | H51: 1 | I51: 253538.45 | J51: 80.47 | K51: 2 | L51: 1764856.8 | M51: 619.48
A52: C/O SIR JIM | B52: =SUM(E52,H52,K52,N52) -> 2 | C52: =SUM(F52,I52,L52,O52) -> 3402203 | D52: =SUM(G52,J52,M52,P52) -> 1087.99 | H52: 2 | I52: 3402203 | J52: 1087.99
A53: C/O C2 | B53: =SUM(E53,H53,K53,N53) -> 4 | C53: =SUM(F53,I53,L53,O53) -> 10708851 | D53: =SUM(G53,J53,M53,P53) -> 5692.85 | H53: 1 | I53: 5508294.5 | J53: 2860.77 | K53: 1 | L53: 5080118.2 | M53: 2761.52 | N53: 2 | O53: 120438.26 | P53: 70.56
A54: C/O C2 | B54: =SUM(E54,H54,K54,N54) -> 1 | C54: =SUM(F54,I54,L54,O54) -> 473227.53 | D54: =SUM(G54,J54,M54,P54) -> 135.73 | H54: 1 | I54: 473227.53 | J54: 135.73
A59: 1ST WEEK OF MAY ACCOMPLISHMENT (MAY 5 - 9, 2025)
A61: DONE AUDIT | B61: TOTAL | E61: 2024 | H61: 2025
B62: WO COUNT | C62: WO COST | D62: TOTAL MANHOURS | E62: WO COUNT | F62: WO COST | G62: TOTAL MANHOURS | H62: WO COUNT | I62: WO COST | J62: TOTAL MANHOURS
A63: QI | B63: =SUM(B64:B66) -> 4 | C63: =SUM(C64:C66) -> 2755826.8 | D63: =SUM(D64:D66) -> 809 | E63: =SUM(E64:E66) -> 3 | F63: =SUM(F64:F66) -> 2612019 | G63: =SUM(G64:G66) -> 790.08 | H63: =SUM(H64:H66) -> 1 | I63: =SUM(I64:I66) -> 143807.71 | J63: =SUM(J64:J66) -> 18.92
A64: AGD | B64: =SUM(E64,H64) -> 2 | C64: =SUM(F64,I64) -> 962921.27 | D64: =SUM(G64,J64) -> 237.35 | E64: 2 | F64: 962921.27 | G64: 237.35
A65: RAC | B65: =SUM(E65,H65) -> 1 | C65: =SUM(F65,I65) -> 1649097.8 | D65: =SUM(G65,J65) -> 552.73 | E65: 1 | F65: 1649097.8 | G65: 552.73
A66: RPR | B66: =SUM(E66,H66) -> 1 | C66: =SUM(F66,I66) -> 143807.71 | D66: =SUM(G66,J66) -> 18.92 | H66: 1 | I66: 143807.71 | J66: 18.92
A72: QI ACCOMPLISHMENT FOR THE MONTH OF FEBRUARY 2025
A74: DONE AUDIT | B74: TOTAL | E74: 2024
B75: WO COUNT | C75: WO COST | D75: TOTAL MANHOURS | E75: WO COUNT | F75: WO COST | G75: TOTAL MANHOURS
A76: QI | B76: =SUM(B77:B77) -> 1 | C76: =SUM(C77:C77) -> 1544727.6 | D76: =SUM(D77:D77) -> 607.95 | E76: =SUM(E77:E77) -> 1 | F76: =SUM(F77:F77) -> 1544727.6 | G76: =SUM(G77:G77) -> 607.95
A77: CMR | B77: 1 | C77: 1544727.6 | D77: 607.95 | E77: 1 | F77: 1544727.6 | G77: 607.95
A83: QI ACCOMPLISHMENT FOR THE MONTH OF MARCH 2025
A85: DONE AUDIT | B85: TOTAL | E85: 2023 | H85: 2024 | K85: 2025
B86: WO COUNT | C86: WO COST | D86: TOTAL MANHOURS | E86: WO COUNT | F86: WO COST | G86: TOTAL MANHOURS | H86: WO COUNT | I86: WO COST | J86: TOTAL MANHOURS | K86: WO COUNT | L86: WO COST | M86: TOTAL MANHOURS
A87: QI | B87: =SUM(B88:B91) -> 44 | C87: =SUM(C88:C91) -> 21334219 | D87: =SUM(D88:D91) -> 6520.2 | E87: =SUM(E88:E91) -> 9 | F87: =SUM(F88:F91) -> 3927497.6 | G87: =SUM(G88:G91) -> 1695.89 | H87: =SUM(H88:H91) -> 28 | I87: =SUM(I88:I91) -> 14279700 | ... M87: =SUM(M88:M91) -> 619.05
A88: AGD | B88: =SUM(E88,H88,K88) -> 13 | C88: =SUM(F88,I88, L88) -> 5200595.8 | D88: =SUM(G88,J88,M88) -> 1193.85 | E88: 1 | F88: 285521.42 | G88: 74.25 | H88: 5 | I88: 1788052.1 | J88: 500.55 | K88: 7 | L88: 3127022.3 | M88: 619.05
A89: CMR | B89: =SUM(E89,H89,K89) -> 3 | C89: =SUM(F89,I89, L89) -> 1601728.4 | D89: =SUM(G89,J89,M89) -> 526.75 | H89: 3 | I89: 1601728.4 | J89: 526.75
A90: RAC | B90: =SUM(E90,H90,K90) -> 23 | C90: =SUM(F90,I90, L90) -> 11529128 | D90: =SUM(G90,J90,M90) -> 3378.69 | E90: 3 | F90: 639209.35 | G90: 200.73 | H90: 20 | I90: 10889919 | J90: 3177.96
A91: RPR | B91: =SUM(E91,H91,K91) -> 5 | C91: =SUM(F91,I91, L91) -> 3002766.8 | D91: =SUM(G91,J91,M91) -> 1420.91 | E91: 5 | F91: 3002766.8 | G91: 1420.91
A97: QI ACCOMPLISHMENT FOR THE MONTH OF APRIL 2025
A99: DONE AUDIT | B99: TOTAL | E99: 2022 | H99: 2023 | K99: 2024 | N99: 2025
B100: WO COUNT | C100: WO COST | D100: TOTAL MANHOURS | E100: WO COUNT | F100: WO COST | G100: TOTAL MANHOURS | H100: WO COUNT | I100: WO COST | J100: TOTAL MANHOURS | K100: WO COUNT | L100: WO COST | M100: TOTAL MANHOURS | N100: WO COUNT | O100: WO COST | P100: TOTAL MANHOURS
A101: QI | B101: =SUM(B102:B106) -> 72 | C101: =SUM(C102:C106) -> 30677390 | D101: =SUM(D102:D106) -> 19001.84 | E101: =SUM(E102:E106) -> 1 | F101: =SUM(F102:F106) -> 535717.03 | G101: =SUM(G102:G106) -> 238.85 | H101: =SUM(H102:H106) -> 8 | I101: =SUM(I102:I106) -> 2900268.4 | ... P101: =SUM(P102:P106) -> 1286.21
A102: AGD | B102: 19 | C102: 5993126.3 | D102: 3391.78 | H102: 4 | I102: 920803.04 | J102: 344.15 | K102: 10 | L102: 3475473.7 | M102: 2463.08 | N102: 5 | O102: 1596849.5 | P102: 584.55
A103: ECI | B103: 29 | C103: 10869285 | D103: 8829.96 | E103: 1 | F103: 535717.03 | G103: 238.85 | H103: 2 | I103: 890709.71 | J103: 271.32 | K103: 21 | L103: 7606553.1 | M103: 7688.03 | N103: 5 | O103: 1836304.7 | P103: 631.76
A104: RAC | B104: 10 | C104: 7165054 | D104: 2092.6 | H104: 1 | I104: 548913.85 | J104: 386.5 | K104: 9 | L104: 6616140.2 | M104: 1706.1
A105: NCB | B105: 2 | C105: 664963.59 | D105: 129.33 | K105: 2 | L105: 664963.59 | M105: 129.33
A106: ECI/AGD | B106: 12 | C106: 5984961.6 | D106: 4558.17 | H106: 1 | I106: 539841.81 | J106: 300.3 | K106: 10 | L106: 4979432.1 | M106: 4187.97 | N106: 1 | O106: 465687.7 | P106: 69.9

Sheet WEEKLY ACCOMPLISHMENT
A1: CONSTRUCTION 1 QI WEEKLY ACCOMPLISHMENT (JULY 28 - AUGUST 4, 2025)
A3: DONE AUDIT | B3: TOTAL | F3: 2022 | J3: 2023 | N3: 2024 | R3: 2025
B4: TASK COUNT | C4: WO COUNT | D4: MANHOURS | E4: WO COST | F4: TASK COUNT | G4: WO COUNT | H4: MANHOURS | I4: WO COST | J4: TASK COUNT | K4: WO COUNT | L4: MANHOURS | M4: WO COST | N4: TASK COUNT | O4: WO COUNT | P4: MANHOURS | Q4: WO COST | R4: TASK COUNT | S4: WO COUNT | T4: MANHOURS | U4: WO COST
A5: QI | B5: =SUM(B6:B10) -> 50 | C5: =SUM(C6:C10) -> 16 | D5: =SUM(D6:D10) -> 2114.88 | E5: =SUM(E6:E10) -> 6872084 | F5: =SUM(F6:F10) -> 9 | G5: =SUM(G6:G10) -> 1 | H5: =SUM(H6:H10) -> 209.1 | I5: =SUM(I6:I10) -> 666826.75 | ... U5: =SUM(U6:U10) -> 1455040.6
A6: AGD | B6: =SUM(F6,J6,N6,R6) -> 19 | C6: =SUM(G6,K6,O6,S6) -> 6 | D6: =SUM(H6,L6,P6,T6) -> 294.49 | E6: =SUM(I6,M6,Q6,U6) -> 1733902.9 | F6: =IF(ISBLANK(VLOOKUP(A6,'WEEKLY ACCOMPLISHMENT PIVOT'!A:B,2,FALSE)),"",VLOOKUP(A6,'WEEKLY ACCOMPLISHMENT PIVOT'!A:B,2,FALSE)) | G6: =IF(ISBLANK(VLOOKUP(A6,'WEEKLY ACCOMPLISHMENT PIVOT'!A:C,3,FALSE)),"",VLOOKUP(A6,'WEEKLY ACCOMPLISHMENT PIVOT'!A:C,3,FALSE)) | H6: =IF(ISBLANK(VLOOKUP(A6,'WEEKLY ACCOMPLISHMENT PIVOT'!A:E,5,FALSE)),"",VLOOKUP(A6,'WEEKLY ACCOMPLISHMENT PIVOT'!A:E,5,FALSE)) | I6: =IF(ISBLANK(VLOOKUP(A6,'WEEKLY ACCOMPLISHMENT PIVOT'!A:D,4,FALSE)),"",VLOOKUP(A6,'WEEKLY ACCOMPLISHMENT PIVOT'!A:D,4,FALSE)) | J6: =IF(ISBLANK(VLOOKUP(A6,'WEEKLY ACCOMPLISHMENT PIVOT'!A:F,6,FALSE)),"",VLOOKUP(A6,'WEEKLY ACCOMPLISHMENT PIVOT'!A:F,6,FALSE)) | K6: =IF(ISBLANK(VLOOKUP(A6,'WEEKLY ACCOMPLISHMENT PIVOT'!A:G,7,FALSE)),"",VLOOKUP(A6,'WEEKLY ACCOMPLISHMENT PIVOT'!A:G,7,FALSE)) | L6: =IF(ISBLANK(VLOOKUP(A6,'WEEKLY ACCOMPLISHMENT PIVOT'!A:I,9,FALSE)),"",VLOOKUP(A6,'WEEKLY ACCOMPLISHMENT PIVOT'!A:I,9,FALSE)) | M6: =IF(ISBLANK(VLOOKUP(A6,'WEEKLY ACCOMPLISHMENT PIVOT'!A:H,8,FALSE)),"",VLOOKUP(A6,'WEEKLY ACCOMPLISHMENT PIVOT'!A:H,8,FALSE)) | N6: =IF(ISBLANK(VLOOKUP(A6,'WEEKLY ACCOMPLISHMENT PIVOT'!A:J,10,FALSE)),"",VLOOKUP(A6,'WEEKLY ACCOMPLISHMENT PIVOT'!A:J,10,FALSE)) -> 6 | O6: =IF(ISBLANK(VLOOKUP(A6,'WEEKLY ACCOMPLISHMENT PIVOT'!A:K,11,FALSE)),"",VLOOKUP(A6,'WEEKLY ACCOMPLISHMENT PIVOT'!A:K,11,FALSE)) -> 2 | P6: =IF(ISBLANK(VLOOKUP(A6,'WEEKLY ACCOMPLISHMENT PIVOT'!A:M,13,FALSE)),"",VLOOKUP(A6,'WEEKLY ACCOMPLISHMENT PIVOT'!A:M,13,FALSE)) -> 57.67 | Q6: =IF(ISBLANK(VLOOKUP(A6,'WEEKLY ACCOMPLISHMENT PIVOT'!A:L,12,FALSE)),"",VLOOKUP(A6,'WEEKLY ACCOMPLISHMENT PIVOT'!A:L,12,FALSE)) -> 352606.49 | R6: =IF(ISBLANK(VLOOKUP(A6,'WEEKLY ACCOMPLISHMENT PIVOT'!A:N,14,FALSE)),"",VLOOKUP(A6,'WEEKLY ACCOMPLISHMENT PIVOT'!A:N,14,FALSE)) -> 13 | S6: =IF(ISBLANK(VLOOKUP(A6,'WEEKLY ACCOMPLISHMENT PIVOT'!A:O,15,FALSE)),"",VLOOKUP(A6,'WEEKLY ACCOMPLISHMENT PIVOT'!A:O,15,FALSE)) -> 4 | T6: =IF(ISBLANK(VLOOKUP(A6,'WEEKLY ACCOMPLISHMENT PIVOT'!A:Q,17,FALSE)),"",VLOOKUP(A6,'WEEKLY ACCOMPLISHMENT PIVOT'!A:Q,17,FALSE)) -> 236.82 | U6: =IF(ISBLANK(VLOOKUP(A6,'WEEKLY ACCOMPLISHMENT PIVOT'!A:P,16,FALSE)),"",VLOOKUP(A6,'WEEKLY ACCOMPLISHMENT PIVOT'!A:P,16,FALSE)) -> 1381296.4
A7: ECI | B7: =SUM(F7,J7,N7,R7) -> 8 | C7: =SUM(G7,K7,O7,S7) -> 2 | D7: =SUM(H7,L7,P7,T7) -> 1070.52 | E7: =SUM(I7,M7,Q7,U7) -> 2163115 | F7: =IF(ISBLANK(VLOOKUP(A7,'WEEKLY ACCOMPLISHMENT PIVOT'!A:B,2,FALSE)),"",VLOOKUP(A7,'WEEKLY ACCOMPLISHMENT PIVOT'!A:B,2,FALSE)) | G7: =IF(ISBLANK(VLOOKUP(A7,'WEEKLY ACCOMPLISHMENT PIVOT'!A:C,3,FALSE)),"",VLOOKUP(A7,'WEEKLY ACCOMPLISHMENT PIVOT'!A:C,3,FALSE)) | H7: =IF(ISBLANK(VLOOKUP(A7,'WEEKLY ACCOMPLISHMENT PIVOT'!A:E,5,FALSE)),"",VLOOKUP(A7,'WEEKLY ACCOMPLISHMENT PIVOT'!A:E,5,FALSE)) | I7: =IF(ISBLANK(VLOOKUP(A7,'WEEKLY ACCOMPLISHMENT PIVOT'!A:D,4,FALSE)),"",VLOOKUP(A7,'WEEKLY ACCOMPLISHMENT PIVOT'!A:D,4,FALSE)) | J7: =IF(ISBLANK(VLOOKUP(A7,'WEEKLY ACCOMPLISHMENT PIVOT'!A:F,6,FALSE)),"",VLOOKUP(A7,'WEEKLY ACCOMPLISHMENT PIVOT'!A:F,6,FALSE)) | K7: =IF(ISBLANK(VLOOKUP(A7,'WEEKLY ACCOMPLISHMENT PIVOT'!A:G,7,FALSE)),"",VLOOKUP(A7,'WEEKLY ACCOMPLISHMENT PIVOT'!A:G,7,FALSE)) | L7: =IF(ISBLANK(VLOOKUP(A7,'WEEKLY ACCOMPLISHMENT PIVOT'!A:I,9,FALSE)),"",VLOOKUP(A7,'WEEKLY ACCOMPLISHMENT PIVOT'!A:I,9,FALSE)) | M7: =IF(ISBLANK(VLOOKUP(A7,'WEEKLY ACCOMPLISHMENT PIVOT'!A:H,8,FALSE)),"",VLOOKUP(A7,'WEEKLY ACCOMPLISHMENT PIVOT'!A:H,8,FALSE)) | N7: =IF(ISBLANK(VLOOKUP(A7,'WEEKLY ACCOMPLISHMENT PIVOT'!A:J,10,FALSE)),"",VLOOKUP(A7,'WEEKLY ACCOMPLISHMENT PIVOT'!A:J,10,FALSE)) -> 8 | O7: =IF(ISBLANK(VLOOKUP(A7,'WEEKLY ACCOMPLISHMENT PIVOT'!A:K,11,FALSE)),"",VLOOKUP(A7,'WEEKLY ACCOMPLISHMENT PIVOT'!A:K,11,FALSE)) -> 2 | P7: =IF(ISBLANK(VLOOKUP(A7,'WEEKLY ACCOMPLISHMENT PIVOT'!A:M,13,FALSE)),"",VLOOKUP(A7,'WEEKLY ACCOMPLISHMENT PIVOT'!A:M,13,FALSE)) -> 1070.52 | Q7: =IF(ISBLANK(VLOOKUP(A7,'WEEKLY ACCOMPLISHMENT PIVOT'!A:L,12,FALSE)),"",VLOOKUP(A7,'WEEKLY ACCOMPLISHMENT PIVOT'!A:L,12,FALSE)) -> 2163115 | R7: =IF(ISBLANK(VLOOKUP(A7,'WEEKLY ACCOMPLISHMENT PIVOT'!A:N,14,FALSE)),"",VLOOKUP(A7,'WEEKLY ACCOMPLISHMENT PIVOT'!A:N,14,FALSE)) | S7: =IF(ISBLANK(VLOOKUP(A7,'WEEKLY ACCOMPLISHMENT PIVOT'!A:O,15,FALSE)),"",VLOOKUP(A7,'WEEKLY ACCOMPLISHMENT PIVOT'!A:O,15,FALSE)) | T7: =IF(ISBLANK(VLOOKUP(A7,'WEEKLY ACCOMPLISHMENT PIVOT'!A:Q,17,FALSE)),"",VLOOKUP(A7,'WEEKLY ACCOMPLISHMENT PIVOT'!A:Q,17,FALSE)) | U7: =IF(ISBLANK(VLOOKUP(A7,'WEEKLY ACCOMPLISHMENT PIVOT'!A:P,16,FALSE)),"",VLOOKUP(A7,'WEEKLY ACCOMPLISHMENT PIVOT'!A:P,16,FALSE))
A8: RAC | B8: =SUM(F8,J8,N8,R8) -> 13 | C8: =SUM(G8,K8,O8,S8) -> 2 | D8: =SUM(H8,L8,P8,T8) -> 530.4 | E8: =SUM(I8,M8,Q8,U8) -> 2611558.8 | F8: =IF(ISBLANK(VLOOKUP(A8,'WEEKLY ACCOMPLISHMENT PIVOT'!A:B,2,FALSE)),"",VLOOKUP(A8,'WEEKLY ACCOMPLISHMENT PIVOT'!A:B,2,FALSE)) -> 9 | G8: =IF(ISBLANK(VLOOKUP(A8,'WEEKLY ACCOMPLISHMENT PIVOT'!A:C,3,FALSE)),"",VLOOKUP(A8,'WEEKLY ACCOMPLISHMENT PIVOT'!A:C,3,FALSE)) -> 1 | H8: =IF(ISBLANK(VLOOKUP(A8,'WEEKLY ACCOMPLISHMENT PIVOT'!A:E,5,FALSE)),"",VLOOKUP(A8,'WEEKLY ACCOMPLISHMENT PIVOT'!A:E,5,FALSE)) -> 209.1 | I8: =IF(ISBLANK(VLOOKUP(A8,'WEEKLY ACCOMPLISHMENT PIVOT'!A:D,4,FALSE)),"",VLOOKUP(A8,'WEEKLY ACCOMPLISHMENT PIVOT'!A:D,4,FALSE)) -> 666826.75 | J8: =IF(ISBLANK(VLOOKUP(A8,'WEEKLY ACCOMPLISHMENT PIVOT'!A:F,6,FALSE)),"",VLOOKUP(A8,'WEEKLY ACCOMPLISHMENT PIVOT'!A:F,6,FALSE)) | K8: =IF(ISBLANK(VLOOKUP(A8,'WEEKLY ACCOMPLISHMENT PIVOT'!A:G,7,FALSE)),"",VLOOKUP(A8,'WEEKLY ACCOMPLISHMENT PIVOT'!A:G,7,FALSE)) | L8: =IF(ISBLANK(VLOOKUP(A8,'WEEKLY ACCOMPLISHMENT PIVOT'!A:I,9,FALSE)),"",VLOOKUP(A8,'WEEKLY ACCOMPLISHMENT PIVOT'!A:I,9,FALSE)) | M8: =IF(ISBLANK(VLOOKUP(A8,'WEEKLY ACCOMPLISHMENT PIVOT'!A:H,8,FALSE)),"",VLOOKUP(A8,'WEEKLY ACCOMPLISHMENT PIVOT'!A:H,8,FALSE)) | N8: =IF(ISBLANK(VLOOKUP(A8,'WEEKLY ACCOMPLISHMENT PIVOT'!A:J,10,FALSE)),"",VLOOKUP(A8,'WEEKLY ACCOMPLISHMENT PIVOT'!A:J,10,FALSE)) -> 4 | O8: =IF(ISBLANK(VLOOKUP(A8,'WEEKLY ACCOMPLISHMENT PIVOT'!A:K,11,FALSE)),"",VLOOKUP(A8,'WEEKLY ACCOMPLISHMENT PIVOT'!A:K,11,FALSE)) -> 1 | P8: =IF(ISBLANK(VLOOKUP(A8,'WEEKLY ACCOMPLISHMENT PIVOT'!A:M,13,FALSE)),"",VLOOKUP(A8,'WEEKLY ACCOMPLISHMENT PIVOT'!A:M,13,FALSE)) -> 321.3 | Q8: =IF(ISBLANK(VLOOKUP(A8,'WEEKLY ACCOMPLISHMENT PIVOT'!A:L,12,FALSE)),"",VLOOKUP(A8,'WEEKLY ACCOMPLISHMENT PIVOT'!A:L,12,FALSE)) -> 1944732.1 | R8: =IF(ISBLANK(VLOOKUP(A8,'WEEKLY ACCOMPLISHMENT PIVOT'!A:N,14,FALSE)),"",VLOOKUP(A8,'WEEKLY ACCOMPLISHMENT PIVOT'!A:N,14,FALSE)) | S8: =IF(ISBLANK(VLOOKUP(A8,'WEEKLY ACCOMPLISHMENT PIVOT'!A:O,15,FALSE)),"",VLOOKUP(A8,'WEEKLY ACCOMPLISHMENT PIVOT'!A:O,15,FALSE)) | T8: =IF(ISBLANK(VLOOKUP(A8,'WEEKLY ACCOMPLISHMENT PIVOT'!A:Q,17,FALSE)),"",VLOOKUP(A8,'WEEKLY ACCOMPLISHMENT PIVOT'!A:Q,17,FALSE)) | U8: =IF(ISBLANK(VLOOKUP(A8,'WEEKLY ACCOMPLISHMENT PIVOT'!A:P,16,FALSE)),"",VLOOKUP(A8,'WEEKLY ACCOMPLISHMENT PIVOT'!A:P,16,FALSE))
A9: RLM | B9: =SUM(F9,J9,N9,R9) -> 9 | C9: =SUM(G9,K9,O9,S9) -> 5 | D9: =SUM(H9,L9,P9,T9) -> 165.04 | E9: =SUM(I9,M9,Q9,U9) -> 220264.31 | F9: =IF(ISBLANK(VLOOKUP(A9,'WEEKLY ACCOMPLISHMENT PIVOT'!A:B,2,FALSE)),"",VLOOKUP(A9,'WEEKLY ACCOMPLISHMENT PIVOT'!A:B,2,FALSE)) | G9: =IF(ISBLANK(VLOOKUP(A9,'WEEKLY ACCOMPLISHMENT PIVOT'!A:C,3,FALSE)),"",VLOOKUP(A9,'WEEKLY ACCOMPLISHMENT PIVOT'!A:C,3,FALSE)) | H9: =IF(ISBLANK(VLOOKUP(A9,'WEEKLY ACCOMPLISHMENT PIVOT'!A:E,5,FALSE)),"",VLOOKUP(A9,'WEEKLY ACCOMPLISHMENT PIVOT'!A:E,5,FALSE)) | I9: =IF(ISBLANK(VLOOKUP(A9,'WEEKLY ACCOMPLISHMENT PIVOT'!A:D,4,FALSE)),"",VLOOKUP(A9,'WEEKLY ACCOMPLISHMENT PIVOT'!A:D,4,FALSE)) | J9: =IF(ISBLANK(VLOOKUP(A9,'WEEKLY ACCOMPLISHMENT PIVOT'!A:F,6,FALSE)),"",VLOOKUP(A9,'WEEKLY ACCOMPLISHMENT PIVOT'!A:F,6,FALSE)) | K9: =IF(ISBLANK(VLOOKUP(A9,'WEEKLY ACCOMPLISHMENT PIVOT'!A:G,7,FALSE)),"",VLOOKUP(A9,'WEEKLY ACCOMPLISHMENT PIVOT'!A:G,7,FALSE)) | L9: =IF(ISBLANK(VLOOKUP(A9,'WEEKLY ACCOMPLISHMENT PIVOT'!A:I,9,FALSE)),"",VLOOKUP(A9,'WEEKLY ACCOMPLISHMENT PIVOT'!A:I,9,FALSE)) | M9: =IF(ISBLANK(VLOOKUP(A9,'WEEKLY ACCOMPLISHMENT PIVOT'!A:H,8,FALSE)),"",VLOOKUP(A9,'WEEKLY ACCOMPLISHMENT PIVOT'!A:H,8,FALSE)) | N9: =IF(ISBLANK(VLOOKUP(A9,'WEEKLY ACCOMPLISHMENT PIVOT'!A:J,10,FALSE)),"",VLOOKUP(A9,'WEEKLY ACCOMPLISHMENT PIVOT'!A:J,10,FALSE)) -> 8 | O9: =IF(ISBLANK(VLOOKUP(A9,'WEEKLY ACCOMPLISHMENT PIVOT'!A:K,11,FALSE)),"",VLOOKUP(A9,'WEEKLY ACCOMPLISHMENT PIVOT'!A:K,11,FALSE)) -> 4 | P9: =IF(ISBLANK(VLOOKUP(A9,'WEEKLY ACCOMPLISHMENT PIVOT'!A:M,13,FALSE)),"",VLOOKUP(A9,'WEEKLY ACCOMPLISHMENT PIVOT'!A:M,13,FALSE)) -> 92.83 | Q9: =IF(ISBLANK(VLOOKUP(A9,'WEEKLY ACCOMPLISHMENT PIVOT'!A:L,12,FALSE)),"",VLOOKUP(A9,'WEEKLY ACCOMPLISHMENT PIVOT'!A:L,12,FALSE)) -> 146520.06 | R9: =IF(ISBLANK(VLOOKUP(A9,'WEEKLY ACCOMPLISHMENT PIVOT'!A:N,14,FALSE)),"",VLOOKUP(A9,'WEEKLY ACCOMPLISHMENT PIVOT'!A:N,14,FALSE)) -> 1 | S9: =IF(ISBLANK(VLOOKUP(A9,'WEEKLY ACCOMPLISHMENT PIVOT'!A:O,15,FALSE)),"",VLOOKUP(A9,'WEEKLY ACCOMPLISHMENT PIVOT'!A:O,15,FALSE)) -> 1 | T9: =IF(ISBLANK(VLOOKUP(A9,'WEEKLY ACCOMPLISHMENT PIVOT'!A:Q,17,FALSE)),"",VLOOKUP(A9,'WEEKLY ACCOMPLISHMENT PIVOT'!A:Q,17,FALSE)) -> 72.21 | U9: =IF(ISBLANK(VLOOKUP(A9,'WEEKLY ACCOMPLISHMENT PIVOT'!A:P,16,FALSE)),"",VLOOKUP(A9,'WEEKLY ACCOMPLISHMENT PIVOT'!A:P,16,FALSE)) -> 73744.25
A10: RCL | B10: =SUM(F10,J10,N10,R10) -> 1 | C10: =SUM(G10,K10,O10,S10) -> 1 | D10: =SUM(H10,L10,P10,T10) -> 54.43 | E10: =SUM(I10,M10,Q10,U10) -> 143242.95 | F10: =IF(ISBLANK(VLOOKUP(A10,'WEEKLY ACCOMPLISHMENT PIVOT'!A:B,2,FALSE)),"",VLOOKUP(A10,'WEEKLY ACCOMPLISHMENT PIVOT'!A:B,2,FALSE)) | G10: =IF(ISBLANK(VLOOKUP(A10,'WEEKLY ACCOMPLISHMENT PIVOT'!A:C,3,FALSE)),"",VLOOKUP(A10,'WEEKLY ACCOMPLISHMENT PIVOT'!A:C,3,FALSE)) | H10: =IF(ISBLANK(VLOOKUP(A10,'WEEKLY ACCOMPLISHMENT PIVOT'!A:E,5,FALSE)),"",VLOOKUP(A10,'WEEKLY ACCOMPLISHMENT PIVOT'!A:E,5,FALSE)) | I10: =IF(ISBLANK(VLOOKUP(A10,'WEEKLY ACCOMPLISHMENT PIVOT'!A:D,4,FALSE)),"",VLOOKUP(A10,'WEEKLY ACCOMPLISHMENT PIVOT'!A:D,4,FALSE)) | J10: =IF(ISBLANK(VLOOKUP(A10,'WEEKLY ACCOMPLISHMENT PIVOT'!A:F,6,FALSE)),"",VLOOKUP(A10,'WEEKLY ACCOMPLISHMENT PIVOT'!A:F,6,FALSE)) -> 1 | K10: =IF(ISBLANK(VLOOKUP(A10,'WEEKLY ACCOMPLISHMENT PIVOT'!A:G,7,FALSE)),"",VLOOKUP(A10,'WEEKLY ACCOMPLISHMENT PIVOT'!A:G,7,FALSE)) -> 1 | L10: =IF(ISBLANK(VLOOKUP(A10,'WEEKLY ACCOMPLISHMENT PIVOT'!A:I,9,FALSE)),"",VLOOKUP(A10,'WEEKLY ACCOMPLISHMENT PIVOT'!A:I,9,FALSE)) -> 54.43 | M10: =IF(ISBLANK(VLOOKUP(A10,'WEEKLY ACCOMPLISHMENT PIVOT'!A:H,8,FALSE)),"",VLOOKUP(A10,'WEEKLY ACCOMPLISHMENT PIVOT'!A:H,8,FALSE)) -> 143242.95 | N10: =IF(ISBLANK(VLOOKUP(A10,'WEEKLY ACCOMPLISHMENT PIVOT'!A:J,10,FALSE)),"",VLOOKUP(A10,'WEEKLY ACCOMPLISHMENT PIVOT'!A:J,10,FALSE)) | O10: =IF(ISBLANK(VLOOKUP(A10,'WEEKLY ACCOMPLISHMENT PIVOT'!A:K,11,FALSE)),"",VLOOKUP(A10,'WEEKLY ACCOMPLISHMENT PIVOT'!A:K,11,FALSE)) | P10: =IF(ISBLANK(VLOOKUP(A10,'WEEKLY ACCOMPLISHMENT PIVOT'!A:M,13,FALSE)),"",VLOOKUP(A10,'WEEKLY ACCOMPLISHMENT PIVOT'!A:M,13,FALSE)) | Q10: =IF(ISBLANK(VLOOKUP(A10,'WEEKLY ACCOMPLISHMENT PIVOT'!A:L,12,FALSE)),"",VLOOKUP(A10,'WEEKLY ACCOMPLISHMENT PIVOT'!A:L,12,FALSE)) | R10: =IF(ISBLANK(VLOOKUP(A10,'WEEKLY ACCOMPLISHMENT PIVOT'!A:N,14,FALSE)),"",VLOOKUP(A10,'WEEKLY ACCOMPLISHMENT PIVOT'!A:N,14,FALSE)) | S10: =IF(ISBLANK(VLOOKUP(A10,'WEEKLY ACCOMPLISHMENT PIVOT'!A:O,15,FALSE)),"",VLOOKUP(A10,'WEEKLY ACCOMPLISHMENT PIVOT'!A:O,15,FALSE)) | T10: =IF(ISBLANK(VLOOKUP(A10,'WEEKLY ACCOMPLISHMENT PIVOT'!A:Q,17,FALSE)),"",VLOOKUP(A10,'WEEKLY ACCOMPLISHMENT PIVOT'!A:Q,17,FALSE)) | U10: =IF(ISBLANK(VLOOKUP(A10,'WEEKLY ACCOMPLISHMENT PIVOT'!A:P,16,FALSE)),"",VLOOKUP(A10,'WEEKLY ACCOMPLISHMENT PIVOT'!A:P,16,FALSE))

Sheet WEEKLY ACCOMPLISHMENT PIVOT
A2: WEEKLY ACCOMPLISHMENT (JULY 28 - AUGUST 4, 2025)
A3: DONE AUDIT? | B3: YES
A4: Date received from QI (Done Audit) | B4: (Multiple Items)
B6: Column Labels
B7: 2022 | F7: 2023 | J7: 2024 | N7: 2025 | R7: Total Sum of TASK COUNT | S7: Total Count of WO | T7: Total Sum of TOTAL PLANNED PROJECT COST | U7: Total Sum of TOTAL MANHOURS
A8: Row Labels | B8: Sum of TASK COUNT | C8: Count of WO | D8: Sum of TOTAL PLANNED PROJECT COST | E8: Sum of TOTAL MANHOURS | F8: Sum of TASK COUNT | G8: Count of WO | H8: Sum of TOTAL PLANNED PROJECT COST | I8: Sum of TOTAL MANHOURS | J8: Sum of TASK COUNT | K8: Count of WO | L8: Sum of TOTAL PLANNED PROJECT COST | M8: Sum of TOTAL MANHOURS | N8: Sum of TASK COUNT | O8: Count of WO | P8: Sum of TOTAL PLANNED PROJECT COST | Q8: Sum of TOTAL MANHOURS
A9: AGD | J9: 6 | K9: 2 | L9: 352606.49 | M9: 57.67 | N9: 13 | O9: 4 | P9: 1381296.4 | Q9: 236.82 | R9: 19 | S9: 6 | T9: 1733902.9 | U9: 294.49
A10: ECI | J10: 8 | K10: 2 | L10: 2163115 | M10: 1070.52 | R10: 8 | S10: 2 | T10: 2163115 | U10: 1070.52
A11: RAC | B11: 9 | C11: 1 | D11: 666826.75 | E11: 209.1 | J11: 4 | K11: 1 | L11: 1944732.1 | M11: 321.3 | R11: 13 | S11: 2 | T11: 2611558.8 | U11: 530.4
A12: RLM | J12: 8 | K12: 4 | L12: 146520.06 | M12: 92.83 | N12: 1 | O12: 1 | P12: 73744.25 | Q12: 72.21 | R12: 9 | S12: 5 | T12: 220264.31 | U12: 165.04
A13: RCL | F13: 1 | G13: 1 | H13: 143242.95 | I13: 54.43 | R13: 1 | S13: 1 | T13: 143242.95 | U13: 54.43
A14: Grand Total | B14: 9 | C14: 1 | D14: 666826.75 | E14: 209.1 | F14: 1 | G14: 1 | H14: 143242.95 | I14: 54.43 | J14: 26 | K14: 9 | L14: 4606973.6 | M14: 1542.32 | N14: 14 | O14: 5 | P14: 1455040.6 | Q14: 309.03 | R14: 50 | S14: 16 | T14: 6872084 | U14: 2114.88
A17: DONE AUDIT? | B17: YES
A18: Date received from QI (Done Audit) | B18: (Multiple Items)
A20: Row Labels | B20: Sum of TASK COUNT | C20: TARGET
A21: AGD | B21: 19 | C21: 15
A22: ECI | B22: 8 | C22: 15
A23: RAC | B23: 13 | C23: 15
A24: RLM | B24: 9 | C24: 15
A25: RCL | B25: 1 | C25: 60
A26: Grand Total | B26: 50
A27: QI | B27: ACCOMPLISHMENT | C27: TARGET
A28: AGD | B28: 19 | C28: 75
A29: ECI | B29: 8 | C29: 75
A30: RAC | B30: 13 | C30: 75
A31: RLM | B31: 9 | C31: 75
A32: RCL | B32: 1 | C32: 75
A33: Grand Total | B33: 60

Sheet MONTHLY ACCOMPLISHMENT
Q6: DONE AUDIT? | R6: YES
Q8: Sum of TASK COUNT | R8: Column Labels
Q9: Row Labels | R9: AGD | S9: CMR | T9: ECI | U9: RAC | V9: RPR | W9: NCB | X9: GTO | Y9: AVR | Z9: RLM | AA9: RCL | AB9: Grand Total
Q10: Feb | S10: 10 | AB10: 10
Q11: Mar | R11: 42 | S11: 23 | U11: 117 | V11: 35 | AB11: 217
Q12: Apr | R12: 92 | T12: 161 | U12: 78 | W12: 7 | Z12: 5 | AB12: 343
Q13: May | R13: 54 | T13: 104 | U13: 81 | V13: 60 | X13: 7 | AB13: 306
Q14: Jun | R14: 123 | T14: 113 | U14: 87 | V14: 28 | X14: 19 | AB14: 370
Q15: Jul | R15: 128 | T15: 88 | U15: 72 | Y15: 12 | Z15: 10 | AA15: 87 | AB15: 397
Q16: Aug | R16: 57 | U16: 22 | Z16: 15 | AA16: 34 | AB16: 128
Q17: Grand Total | R17: 496 | S17: 33 | T17: 466 | U17: 457 | V17: 123 | W17: 7 | X17: 26 | Y17: 12 | Z17: 30 | AA17: 121 | AB17: 1771
A21: QI ACCOMPLISHMENT FOR THE MONTH OF FEBRUARY 2025
A22: FEBRUARY | B22: TOTAL | F22: 2024
B23: TASK COUNT | C23: WO COUNT | D23: MANHOURS | E23: WO COST | F23: TASK COUNT | G23: WO COUNT | H23: MANHOURS | I23: WO COST
A24: QI | B24: 10 | C24: 1 | D24: 607.95 | E24: 1544727.6 | F24: 10 | G24: 1 | H24: 607.95 | I24: 1544727.6
A25: CMR | B25: 10 | C25: 1 | D25: 607.95 | E25: 1544727.6 | F25: 10 | G25: 1 | H25: 607.95 | I25: 1544727.6
A28: QI ACCOMPLISHMENT FOR THE MONTH OF MARCH 2025
A29: MARCH | B29: TOTAL | F29: 2022 | J29: 2023 | N29: 2024 | R29: 2025
B30: TASK COUNT | C30: WO COUNT | D30: MANHOURS | E30: WO COST | F30: TASK COUNT | G30: WO COUNT | H30: MANHOURS | I30: WO COST | J30: TASK COUNT | K30: WO COUNT | L30: MANHOURS | M30: WO COST | N30: TASK COUNT | O30: WO COUNT | P30: MANHOURS | Q30: WO COST | R30: TASK COUNT | S30: WO COUNT | T30: MANHOURS | U30: WO COST
A31: QI | B31: 217 | C31: 44 | D31: 6520.2 | E31: 20635902 | F31: =SUM(F32:F35) -> 6 | G31: =SUM(G32:G35) -> 1 | H31: =SUM(H32:H35) -> 43.47 | I31: =SUM(I32:I35) -> 42031.01 | J31: =SUM(J32:J35) -> 44 | K31: =SUM(K32:K35) -> 8 | L31: =SUM(L32:L35) -> 1652.42 | M31: =SUM(M32:M35) -> 3885466.5 | ... U31: =SUM(U32:U35) -> 3127022.3
A32: AGD | B32: 42 | C32: 13 | D32: 1193.85 | E32: 5200595.8 | J32: 4 | K32: 1 | L32: 74.25 | M32: 285521.42 | N32: 17 | O32: 5 | P32: 500.55 | Q32: 1788052.1 | R32: 21 | S32: 7 | T32: 619.05 | U32: 3127022.3
A33: CMR | B33: 23 | C33: 3 | D33: 526.75 | E33: 1601728.4 | N33: 23 | O33: 3 | P33: 526.75 | Q33: 1601728.4
A34: RAC | B34: 117 | C34: 23 | D34: 3378.69 | E34: 10830811 | F34: 6 | G34: 1 | H34: 43.47 | I34: 42031.01 | J34: 5 | K34: 2 | L34: 157.26 | M34: 597178.34 | N34: 106 | O34: 20 | P34: 3177.96 | Q34: 10191602
A35: RPR | B35: 35 | C35: 5 | D35: 1420.91 | E35: 3002766.8 | J35: 35 | K35: 5 | L35: 1420.91 | M35: 3002766.8
A38: QI ACCOMPLISHMENT FOR THE MONTH OF APRIL 2025
A39: APRIL | B39: TOTAL | F39: 2022 | J39: 2023 | N39: 2024 | R39: 2025
B40: TASK COUNT | C40: WO COUNT | D40: MANHOURS | E40: WO COST | F40: TASK COUNT | G40: WO COUNT | H40: MANHOURS | I40: WO COST | J40: TASK COUNT | K40: WO COUNT | L40: MANHOURS | M40: WO COST | N40: TASK COUNT | O40: WO COUNT | P40: MANHOURS | Q40: WO COST | R40: TASK COUNT | S40: WO COUNT | T40: MANHOURS | U40: WO COST
A41: QI | B41: 343 | C41: 82 | D41: 20777.31 | E41: 33052733 | F41: =SUM(F42:F46) -> 9 | G41: =SUM(G42:G46) -> 2 | H41: =SUM(H42:H46) -> 255.35 | I41: =SUM(I42:I46) -> 567778.57 | J41: =SUM(J42:J46) -> 44 | K41: =SUM(K42:K46) -> 9 | L41: =SUM(L42:L46) -> 1438 | M41: =SUM(M42:M46) -> 3373495.9 | ... U41: =SUM(U42:U46) -> 3898841.9
A42: AGD | B42: 98 | C42: 28 | D42: 5900.73 | E42: 10558951 | J42: 24 | K42: 6 | L42: 664.05 | M42: 1496641.9 | N42: 55 | O42: 17 | P42: 4652.13 | Q42: 7465459.7 | R42: 19 | S42: 5 | T42: 584.55 | U42: 1596849.5
A43: ECI | B43: 155 | C43: 36 | D43: 11339.32 | E43: 13209671 | F43: 8 | G43: 1 | H43: 238.85 | I43: 535717.03 | J43: 16 | K43: 2 | L43: 387.45 | M43: 1327940.2 | N43: 106 | O43: 27 | P43: 10011.36 | Q43: 9044021.4 | R43: 25 | S43: 6 | T43: 701.66 | U43: 2301992.4
A44: RAC | B44: 78 | C44: 13 | D44: 2313.43 | E44: 7965323.2 | J44: 4 | K44: 1 | L44: 386.5 | M44: 548913.85 | N44: 74 | O44: 12 | P44: 1926.93 | Q44: 7416409.3
A45: NCB | B45: 7 | C45: 3 | D45: 145.83 | E45: 697025.13 | F45: 1 | G45: 1 | H45: 16.5 | I45: 32061.54 | N45: 6 | O45: 2 | P45: 129.33 | Q45: 664963.59
A46: RM | B46: 5 | C46: 2 | D46: 1078 | E46: 621762.25 | N46: 5 | O46: 2 | P46: 1078 | Q46: 621762.25
A49: QI ACCOMPLISHMENT FOR THE MONTH OF MAY 2025
A50: MAY | B50: TOTAL | F50: 2022 | J50: 2023 | N50: 2024 | R50: 2025
B51: TASK COUNT | C51: WO COUNT | D51: MANHOURS | E51: WO COST | F51: TASK COUNT | G51: WO COUNT | H51: MANHOURS | I51: WO COST | J51: TASK COUNT | K51: WO COUNT | L51: MANHOURS | M51: WO COST | N51: TASK COUNT | O51: WO COUNT | P51: MANHOURS | Q51: WO COST | R51: TASK COUNT | S51: WO COUNT | T51: MANHOURS | U51: WO COST
A52: QI | B52: 303 | C52: 48 | D52: 14332.8 | E52: 38536509 | F52: =SUM(F53:F57) -> 1 | G52: =SUM(G53:G57) -> 1 | H52: =SUM(H53:H57) -> 42.07 | I52: =SUM(I53:I57) -> 67459.32 | J52: =SUM(J53:J57) -> 33 | K52: =SUM(K53:K57) -> 4 | L52: =SUM(L53:L57) -> 1470.93 | M52: =SUM(M53:M57) -> 4842127.4 | ... U52: =SUM(U53:U57) -> 14485874
A53: AGD | B53: 54 | C53: 3 | D53: 2874.7 | E53: 9469103.8 | N53: 6 | O53: 2 | P53: 237.35 | Q53: 962921.27 | R53: 48 | S53: 1 | T53: 2637.35 | U53: 8506182.5
A54: ECI | B54: 101 | C54: 26 | D54: 6210.7 | E54: 12005357 | N54: 73 | O54: 19 | P54: 5094.84 | Q54: 9555734.7 | R54: 28 | S54: 7 | T54: 1115.86 | U54: 2449622
A55: RAC | B55: 81 | C55: 12 | D55: 2774.8 | E55: 10766334 | J55: 12 | K55: 2 | L55: 526.34 | M55: 2789486.5 | N55: 51 | O55: 8 | P55: 1263.32 | Q55: 4590585.4 | R55: 18 | S55: 2 | T55: 985.14 | U55: 3386262
A56: RPR | B56: 60 | C56: 5 | D56: 2253.71 | E56: 5327954.8 | F56: 1 | G56: 1 | H56: 42.07 | I56: 67459.32 | J56: 18 | K56: 1 | L56: 810.72 | M56: 1475621.9 | N56: 38 | O56: 2 | P56: 1382 | Q56: 3641065.9 | R56: 3 | S56: 1 | T56: 18.92 | U56: 143807.71
A57: GTO | B57: 7 | C57: 2 | D57: 218.89 | E57: 967760.27 | J57: 3 | K57: 1 | L57: 133.87 | M57: 577019.12 | N57: 4 | O57: 1 | P57: 85.02 | Q57: 390741.15
A61: QI ACCOMPLISHMENT FOR THE MONTH OF JUNE 2025
A62: JUNE | B62: TOTAL | F62: 2022 | J62: 2023 | N62: 2024 | R62: 2025
B63: TASK COUNT | C63: WO COUNT | D63: MANHOURS | E63: WO COST | F63: TASK COUNT | G63: WO COUNT | H63: MANHOURS | I63: WO COST | J63: TASK COUNT | K63: WO COUNT | L63: MANHOURS | M63: WO COST | N63: TASK COUNT | O63: WO COUNT | P63: MANHOURS | Q63: WO COST | R63: TASK COUNT | S63: WO COUNT | T63: MANHOURS | U63: WO COST
A64: QI | B64: 331 | C64: 53 | D64: 12486.69 | E64: 39310552 | F64: =SUM(F65:F69) -> 11 | G64: =SUM(G65:G69) -> 1 | H64: =SUM(H65:H69) -> 359.65 | I64: =SUM(I65:I69) -> 563044.73 | J64: =SUM(J65:J69) -> 55 | K64: =SUM(K65:K69) -> 10 | L64: =SUM(L65:L69) -> 3167.93 | M64: =SUM(M65:M69) -> 7038752.8 | ... U64: =SUM(U65:U69) -> 15505572
A65: AGD | B65: 95 | C65: 9 | D65: 2830.93 | E65: 10470814 | N65: 4 | O65: 1 | P65: 243 | Q65: 1064582.6 | R65: 91 | S65: 8 | T65: 2587.93 | U65: 9406231.9
A66: ECI | B66: 102 | C66: 24 | D66: 3882.35 | E66: 11935977 | J66: 2 | K66: 1 | L66: 28.43 | M66: 54247.02 | N66: 64 | O66: 13 | P66: 2745.94 | Q66: 5782390.5 | R66: 36 | S66: 10 | T66: 1107.98 | U66: 6099340
A67: RAC | B67: 87 | C67: 13 | D67: 2910.11 | E67: 9368535 | F67: 11 | G67: 1 | H67: 359.65 | I67: 563044.73 | J67: 25 | K67: 6 | L67: 912.47 | M67: 3073730.8 | N67: 51 | O67: 6 | P67: 1637.99 | Q67: 5731759.5
A68: RPR | B68: 28 | C68: 3 | D68: 2227.03 | E68: 3910775 | J68: 28 | K68: 3 | L68: 2227.03 | M68: 3910775
A69: GTO | B69: 19 | C69: 4 | D69: 636.27 | E69: 3624450.6 | N69: 19 | O69: 4 | P69: 636.27 | Q69: 3624450.6
A73: QI ACCOMPLISHMENT FOR THE MONTH OF JULY 2025
A74: JUNE | B74: TOTAL | F74: 2022 | J74: 2023 | N74: 2024 | R74: 2025
B75: TASK COUNT | C75: WO COUNT | D75: MANHOURS | E75: WO COST | F75: TASK COUNT | G75: WO COUNT | H75: MANHOURS | I75: WO COST | J75: TASK COUNT | K75: WO COUNT | L75: MANHOURS | M75: WO COST | N75: TASK COUNT | O75: WO COUNT | P75: MANHOURS | Q75: WO COST | R75: TASK COUNT | S75: WO COUNT | T75: MANHOURS | U75: WO COST
A76: QI | B76: 397 | C76: 84 | D76: 20967.57 | E76: 48154071 | F76: =SUM(F77:F82) -> 14 | G76: =SUM(G77:G82) -> 3 | H76: =SUM(H77:H82) -> 318.91 | I76: =SUM(I77:I82) -> 757745.83 | J76: =SUM(J77:J82) -> 86 | K76: =SUM(K77:K82) -> 11 | L76: =SUM(L77:L82) -> 3022.66 | M76: =SUM(M77:M82) -> 8292177.7 | ... U76: =SUM(U77:U82) -> 20803343
A77: AGD | B77: 128 | C77: 26 | D77: 4037.71 | E77: 12067889 | F77: 3 | G77: 1 | H77: 29.78 | I77: 34738.53 | J77: 31 | K77: 4 | L77: 1056.43 | M77: 2482475.7 | N77: 28 | O77: 6 | P77: 527.2 | Q77: 2377519.3 | R77: 66 | S77: 15 | T77: 2424.3 | U77: 7173155.5
A78: ECI | B78: 88 | C78: 18 | D78: 4179.11 | E78: 13919849 | F78: 2 | G78: 1 | H78: 80.03 | I78: 56180.55 | J78: 7 | K78: 2 | L78: 136.84 | M78: 536654.79 | N78: 18 | O78: 4 | P78: 1421.44 | Q78: 3226709.8 | R78: 61 | S78: 11 | T78: 2540.8 | U78: 10100304
A79: RAC | B79: 72 | C79: 14 | D79: 2894.56 | E79: 13316016 | F79: 9 | G79: 1 | H79: 209.1 | I79: 666826.75 | J79: 22 | K79: 3 | L79: 916.45 | M79: 3760577.4 | N79: 41 | O79: 10 | P79: 1769.01 | Q79: 8888612.1
A80: AVR | B80: 12 | C80: 4 | D80: 99.39 | E80: 644070.71 | N80: 12 | O80: 4 | P80: 99.39 | Q80: 644070.71
A81: RLM | B81: 10 | C81: 5 | D81: 122.77 | E81: 492779.37 | N81: 9 | O81: 4 | P81: 50.56 | Q81: 419035.12 | R81: 1 | S81: 1 | T81: 72.21 | U81: 73744.25
A82: RCL | B82: 87 | C82: 17 | D82: 9634.03 | E82: 7713466.4 | J82: 26 | K82: 2 | L82: 912.94 | M82: 1512469.8 | N82: 29 | O82: 9 | P82: 7742.89 | Q82: 2744856.8 | R82: 32 | S82: 6 | T82: 978.2 | U82: 3456139.8

Sheet MONTHLY PIVOT
A2: FEBRUARY ACCOMPLISHMENT
A3: DONE AUDIT? | B3: YES
A4: Date received from QI (Done Audit) | B4: 45715
B6: Column Labels
B7: 2024 | F7: Total Sum of TASK COUNT | G7: Total Count of WO | H7: Total Sum of TOTAL MANHOURS | I7: Total Sum of TOTAL PLANNED PROJECT COST
A8: Row Labels | B8: Sum of TASK COUNT | C8: Count of WO | D8: Sum of TOTAL MANHOURS | E8: Sum of TOTAL PLANNED PROJECT COST
A9: CMR | B9: 10 | C9: 1 | D9: 607.95 | E9: 1544727.6 | F9: 10 | G9: 1 | H9: 607.95 | I9: 1544727.6
A10: Grand Total | B10: 10 | C10: 1 | D10: 607.95 | E10: 1544727.6 | F10: 10 | G10: 1 | H10: 607.95 | I10: 1544727.6
A21: MARCH ACCOMPLISHMENT
A22: DONE AUDIT? | B22: YES
A23: Date received from QI (Done Audit) | B23: (Multiple Items)
B25: Column Labels
B26: 2022 | F26: 2023 | J26: 2024 | N26: 2025 | R26: Total Sum of TASK COUNT | S26: Total Count of WO | T26: Total Sum of TOTAL MANHOURS | U26: Total Sum of TOTAL PLANNED PROJECT COST
A27: Row Labels | B27: Sum of TASK COUNT | C27: Count of WO | D27: Sum of TOTAL MANHOURS | E27: Sum of TOTAL PLANNED PROJECT COST | F27: Sum of TASK COUNT | G27: Count of WO | H27: Sum of TOTAL MANHOURS | I27: Sum of TOTAL PLANNED PROJECT COST | J27: Sum of TASK COUNT | K27: Count of WO | L27: Sum of TOTAL MANHOURS | M27: Sum of TOTAL PLANNED PROJECT COST | N27: Sum of TASK COUNT | O27: Count of WO | P27: Sum of TOTAL MANHOURS | Q27: Sum of TOTAL PLANNED PROJECT COST
A28: AGD | F28: 4 | G28: 1 | H28: 74.25 | I28: 285521.42 | J28: 17 | K28: 5 | L28: 500.55 | M28: 1788052.1 | N28: 21 | O28: 7 | P28: 619.05 | Q28: 3127022.3 | R28: 42 | S28: 13 | T28: 1193.85 | U28: 5200595.8
A29: CMR | J29: 23 | K29: 3 | L29: 526.75 | M29: 1601728.4 | R29: 23 | S29: 3 | T29: 526.75 | U29: 1601728.4
A30: RAC | B30: 6 | C30: 1 | D30: 43.47 | E30: 42031.01 | F30: 5 | G30: 2 | H30: 157.26 | I30: 597178.34 | J30: 106 | K30: 20 | L30: 3177.96 | M30: 10889919 | R30: 117 | S30: 23 | T30: 3378.69 | U30: 11529128
A31: RPR | F31: 35 | G31: 5 | H31: 1420.91 | I31: 3002766.8 | R31: 35 | S31: 5 | T31: 1420.91 | U31: 3002766.8
A32: Grand Total | B32: 6 | C32: 1 | D32: 43.47 | E32: 42031.01 | F32: 44 | G32: 8 | H32: 1652.42 | I32: 3885466.5 | J32: 146 | K32: 28 | L32: 4205.26 | M32: 14279700 | N32: 21 | O32: 7 | P32: 619.05 | Q32: 3127022.3 | R32: 217 | S32: 44 | T32: 6520.2 | U32: 21334219
A40: APRIL ACCOMPLISHMENT
A41: DONE AUDIT? | B41: YES
A42: Date received from QI (Done Audit) | B42: (Multiple Items)
B44: Column Labels
B45: 2022 | F45: 2023 | J45: 2024 | N45: 2025 | R45: Total Sum of TASK COUNT | S45: Total Count of WO | T45: Total Sum of TOTAL MANHOURS | U45: Total Sum of TOTAL PLANNED PROJECT COST
A46: Row Labels | B46: Sum of TASK COUNT | C46: Count of WO | D46: Sum of TOTAL MANHOURS | E46: Sum of TOTAL PLANNED PROJECT COST | F46: Sum of TASK COUNT | G46: Count of WO | H46: Sum of TOTAL MANHOURS | I46: Sum of TOTAL PLANNED PROJECT COST | J46: Sum of TASK COUNT | K46: Count of WO | L46: Sum of TOTAL MANHOURS | M46: Sum of TOTAL PLANNED PROJECT COST | N46: Sum of TASK COUNT | O46: Count of WO | P46: Sum of TOTAL MANHOURS | Q46: Sum of TOTAL PLANNED PROJECT COST
A47: AGD | F47: 24 | G47: 6 | H47: 664.05 | I47: 1496641.9 | J47: 49 | K47: 16 | L47: 3687.41 | M47: 4695102.9 | N47: 19 | O47: 5 | P47: 584.55 | Q47: 1596849.5 | R47: 92 | S47: 27 | T47: 4936.01 | U47: 7788594.3
A48: ECI | B48: 8 | C48: 1 | D48: 238.85 | E48: 535717.03 | F48: 16 | G48: 2 | H48: 387.45 | I48: 1327940.2 | J48: 112 | K48: 28 | L48: 10976.08 | M48: 11814378 | N48: 25 | O48: 6 | P48: 701.66 | Q48: 2301992.4 | R48: 161 | S48: 37 | T48: 12304.04 | U48: 15980028
A49: RAC | F49: 4 | G49: 1 | H49: 386.5 | I49: 548913.85 | J49: 74 | K49: 12 | L49: 1926.93 | M49: 7416409.3 | R49: 78 | S49: 13 | T49: 2313.43 | U49: 7965323.2
A50: NCB | B50: 1 | C50: 1 | D50: 16.5 | E50: 32061.54 | J50: 6 | K50: 2 | L50: 129.33 | M50: 664963.59 | R50: 7 | S50: 3 | T50: 145.83 | U50: 697025.13
A51: RLM | J51: 5 | K51: 2 | L51: 1078 | M51: 621762.25 | R51: 5 | S51: 2 | T51: 1078 | U51: 621762.25
A52: Grand Total | B52: 9 | C52: 2 | D52: 255.35 | E52: 567778.57 | F52: 44 | G52: 9 | H52: 1438 | I52: 3373495.9 | J52: 246 | K52: 60 | L52: 17797.75 | M52: 25212616 | N52: 44 | O52: 11 | P52: 1286.21 | Q52: 3898841.9 | R52: 343 | S52: 82 | T52: 20777.31 | U52: 33052733
A59: MAY ACCOMPLISHMENT
A60: DONE AUDIT? | B60: YES
A61: Date received from QI (Done Audit) | B61: (Multiple Items)
B63: Column Labels
B64: 2022 | F64: 2023 | J64: 2024 | N64: 2025 | R64: Total Sum of TASK COUNT | S64: Total Count of WO | T64: Total Sum of TOTAL MANHOURS | U64: Total Sum of TOTAL PLANNED PROJECT COST
A65: Row Labels | B65: Sum of TASK COUNT | C65: Count of WO | D65: Sum of TOTAL MANHOURS | E65: Sum of TOTAL PLANNED PROJECT COST | F65: Sum of TASK COUNT | G65: Count of WO | H65: Sum of TOTAL MANHOURS | I65: Sum of TOTAL PLANNED PROJECT COST | J65: Sum of TASK COUNT | K65: Count of WO | L65: Sum of TOTAL MANHOURS | M65: Sum of TOTAL PLANNED PROJECT COST | N65: Sum of TASK COUNT | O65: Count of WO | P65: Sum of TOTAL MANHOURS | Q65: Sum of TOTAL PLANNED PROJECT COST
A66: AGD | J66: 6 | K66: 2 | L66: 237.35 | M66: 962921.27 | N66: 48 | O66: 1 | P66: 2637.35 | Q66: 8506182.5 | R66: 54 | S66: 3 | T66: 2874.7 | U66: 9469103.8
A67: ECI | J67: 73 | K67: 19 | L67: 5094.84 | M67: 9555734.7 | N67: 31 | O67: 8 | P67: 1348.96 | Q67: 3190016.5 | R67: 104 | S67: 27 | T67: 6443.8 | U67: 12745751
A68: RAC | F68: 12 | G68: 2 | H68: 526.34 | I68: 2789486.5 | J68: 51 | K68: 8 | L68: 1263.32 | M68: 4590585.4 | N68: 18 | O68: 2 | P68: 985.14 | Q68: 3386262 | R68: 81 | S68: 12 | T68: 2774.8 | U68: 10766334
A69: RPR | B69: 1 | C69: 1 | D69: 42.07 | E69: 67459.32 | F69: 18 | G69: 1 | H69: 810.72 | I69: 1475621.9 | J69: 38 | K69: 2 | L69: 1382 | M69: 3641065.9 | N69: 3 | O69: 1 | P69: 18.92 | Q69: 143807.71 | R69: 60 | S69: 5 | T69: 2253.71 | U69: 5327954.8
A70: GTO | F70: 3 | G70: 1 | H70: 133.87 | I70: 577019.12 | J70: 4 | K70: 1 | L70: 85.02 | M70: 390741.15 | R70: 7 | S70: 2 | T70: 218.89 | U70: 967760.27
A71: Grand Total | B71: 1 | C71: 1 | D71: 42.07 | E71: 67459.32 | F71: 33 | G71: 4 | H71: 1470.93 | I71: 4842127.4 | J71: 172 | K71: 32 | L71: 8062.53 | M71: 19141048 | N71: 100 | O71: 12 | P71: 4990.37 | Q71: 15226269 | R71: 306 | S71: 49 | T71: 14565.9 | U71: 39276904
A77: JUNE ACCOMPLISHMENT
A78: DONE AUDIT? | B78: YES
A79: Date received from QI (Done Audit) | B79: (Multiple Items)
B81: Column Labels
B82: 2022 | F82: 2023 | J82: 2024 | N82: 2025 | R82: Total Sum of TASK COUNT | S82: Total Count of WO | T82: Total Sum of TOTAL MANHOURS | U82: Total Sum of TOTAL PLANNED PROJECT COST
A83: Row Labels | B83: Sum of TASK COUNT | C83: Count of WO | D83: Sum of TOTAL MANHOURS | E83: Sum of TOTAL PLANNED PROJECT COST | F83: Sum of TASK COUNT | G83: Count of WO | H83: Sum of TOTAL MANHOURS | I83: Sum of TOTAL PLANNED PROJECT COST | J83: Sum of TASK COUNT | K83: Count of WO | L83: Sum of TOTAL MANHOURS | M83: Sum of TOTAL PLANNED PROJECT COST | N83: Sum of TASK COUNT | O83: Count of WO | P83: Sum of TOTAL MANHOURS | Q83: Sum of TOTAL PLANNED PROJECT COST
A84: AGD | J84: 4 | K84: 1 | L84: 243 | M84: 1064582.6 | N84: 119 | O84: 10 | P84: 3137.22 | Q84: 12237258 | R84: 123 | S84: 11 | T84: 3380.22 | U84: 13301840
A85: ECI | F85: 2 | G85: 1 | H85: 28.43 | I85: 54247.02 | J85: 72 | K85: 16 | L85: 3781.46 | M85: 6110603.3 | N85: 39 | O85: 11 | P85: 1132.52 | Q85: 6315586.3 | R85: 113 | S85: 28 | T85: 4942.41 | U85: 12480437
A86: RAC | B86: 11 | C86: 1 | D86: 359.65 | E86: 563044.73 | F86: 25 | G86: 6 | H86: 912.47 | I86: 3073730.8 | J86: 51 | K86: 6 | L86: 1637.99 | M86: 5731759.5 | R86: 87 | S86: 13 | T86: 2910.11 | U86: 9368535
A87: RPR | F87: 28 | G87: 3 | H87: 2227.03 | I87: 3910775 | R87: 28 | S87: 3 | T87: 2227.03 | U87: 3910775
A88: GTO | J88: 19 | K88: 4 | L88: 636.27 | M88: 3624450.6 | R88: 19 | S88: 4 | T88: 636.27 | U88: 3624450.6
A89: Grand Total | B89: 11 | C89: 1 | D89: 359.65 | E89: 563044.73 | F89: 55 | G89: 10 | H89: 3167.93 | I89: 7038752.8 | J89: 146 | K89: 27 | L89: 6298.72 | M89: 16531396 | N89: 158 | O89: 21 | P89: 4269.74 | Q89: 18552844 | R89: 370 | S89: 59 | T89: 14096.04 | U89: 42686038
A98: JULY ACCOMPLISHMENT
A99: DONE AUDIT? | B99: YES
A100: Date received from QI (Done Audit) | B100: (Multiple Items)
B102: Column Labels
B103: 2022 | F103: 2023 | J103: 2024 | N103: 2025 | R103: Total Sum of TASK COUNT | S103: Total Count of WO | T103: Total Sum of TOTAL MANHOURS | U103: Total Sum of TOTAL PLANNED PROJECT COST
A104: Row Labels | B104: Sum of TASK COUNT | C104: Count of WO | D104: Sum of TOTAL MANHOURS | E104: Sum of TOTAL PLANNED PROJECT COST | F104: Sum of TASK COUNT | G104: Count of WO | H104: Sum of TOTAL MANHOURS | I104: Sum of TOTAL PLANNED PROJECT COST | J104: Sum of TASK COUNT | K104: Count of WO | L104: Sum of TOTAL MANHOURS | M104: Sum of TOTAL PLANNED PROJECT COST | N104: Sum of TASK COUNT | O104: Count of WO | P104: Sum of TOTAL MANHOURS | Q104: Sum of TOTAL PLANNED PROJECT COST
A105: AGD | B105: 3 | C105: 1 | D105: 29.78 | E105: 34738.53 | F105: 31 | G105: 4 | H105: 1056.43 | I105: 2482475.7 | J105: 28 | K105: 6 | L105: 527.2 | M105: 2377519.3 | N105: 66 | O105: 15 | P105: 2424.3 | Q105: 7173155.5 | R105: 128 | S105: 26 | T105: 4037.71 | U105: 12067889
A106: ECI | B106: 2 | C106: 1 | D106: 80.03 | E106: 56180.55 | F106: 7 | G106: 2 | H106: 136.84 | I106: 536654.79 | J106: 18 | K106: 4 | L106: 1421.44 | M106: 3226709.8 | N106: 61 | O106: 11 | P106: 2540.8 | Q106: 10100304 | R106: 88 | S106: 18 | T106: 4179.11 | U106: 13919849
A107: RAC | B107: 9 | C107: 1 | D107: 209.1 | E107: 666826.75 | F107: 22 | G107: 3 | H107: 916.45 | I107: 3760577.4 | J107: 41 | K107: 10 | L107: 1769.01 | M107: 8888612.1 | R107: 72 | S107: 14 | T107: 2894.56 | U107: 13316016
A108: AVR | J108: 12 | K108: 4 | L108: 99.39 | M108: 644070.71 | R108: 12 | S108: 4 | T108: 99.39 | U108: 644070.71
A109: RLM | J109: 9 | K109: 4 | L109: 50.56 | M109: 419035.12 | N109: 1 | O109: 1 | P109: 72.21 | Q109: 73744.25 | R109: 10 | S109: 5 | T109: 122.77 | U109: 492779.37
A110: RCL | F110: 26 | G110: 2 | H110: 912.94 | I110: 1512469.8 | J110: 29 | K110: 9 | L110: 7742.89 | M110: 2744856.8 | N110: 32 | O110: 6 | P110: 978.2 | Q110: 3456139.8 | R110: 87 | S110: 17 | T110: 9634.03 | U110: 7713466.4
A111: Grand Total | B111: 14 | C111: 3 | D111: 318.91 | E111: 757745.83 | F111: 86 | G111: 11 | H111: 3022.66 | I111: 8292177.7 | J111: 137 | K111: 37 | L111: 11610.49 | M111: 18300804 | N111: 160 | O111: 33 | P111: 6015.51 | Q111: 20803343 | R111: 397 | S111: 84 | T111: 20967.57 | U111: 48154071
A120: AUGUST ACCOMPLISHMENT
A121: DONE AUDIT? | B121: YES
A122: Date received from QI (Done Audit) | B122: (Multiple Items)
B124: Column Labels
B125: 2023 | F125: 2024 | J125: 2025 | N125: Total Sum of TASK COUNT | O125: Total Count of WO | P125: Total Sum of TOTAL MANHOURS | Q125: Total Sum of TOTAL PLANNED PROJECT COST
A126: Row Labels | B126: Sum of TASK COUNT | C126: Count of WO | D126: Sum of TOTAL MANHOURS | E126: Sum of TOTAL PLANNED PROJECT COST | F126: Sum of TASK COUNT | G126: Count of WO | H126: Sum of TOTAL MANHOURS | I126: Sum of TOTAL PLANNED PROJECT COST | J126: Sum of TASK COUNT | K126: Count of WO | L126: Sum of TOTAL MANHOURS | M126: Sum of TOTAL PLANNED PROJECT COST
A127: AGD | B127: 3 | C127: 1 | D127: 87.37 | E127: 581897.1 | J127: 9 | K127: 3 | L127: 116.72 | M127: 568281.27 | N127: 12 | O127: 4 | P127: 204.09 | Q127: 1150178.4
A128: RAC | B128: 7 | C128: 1 | D128: 134.45 | E128: 448667.86 | F128: 15 | G128: 1 | H128: 548.75 | I128: 1465025.1 | N128: 22 | O128: 2 | P128: 683.2 | Q128: 1913693
A129: RLM | F129: 5 | G129: 2 | H129: 79.55 | I129: 96039.94 | J129: 7 | K129: 3 | L129: 55.66 | M129: 45055.2 | N129: 12 | O129: 5 | P129: 135.21 | Q129: 141095.14
A130: RCL | B130: 34 | C130: 2 | D130: 1033.16 | E130: 2243189.2 | N130: 34 | O130: 2 | P130: 1033.16 | Q130: 2243189.2
A131: Grand Total | B131: 44 | C131: 4 | D131: 1254.98 | E131: 3273754.2 | F131: 20 | G131: 3 | H131: 628.3 | I131: 1561065.1 | J131: 16 | K131: 6 | L131: 172.38 | M131: 613336.47 | N131: 80 | O131: 13 | P131: 2055.66 | Q131: 5448155.7
A188: DONE AUDIT? | B188: YES
A190: Sum of TASK COUNT | B190: Column Labels
A191: Row Labels | B191: AGD | C191: CMR | D191: ECI | E191: RAC | F191: RPR | G191: NCB | H191: GTO | I191: AVR | J191: RLM | K191: RCL | L191: Grand Total
A192: Feb | C192: 10 | L192: 10
A193: Mar | B193: 42 | C193: 23 | E193: 117 | F193: 35 | L193: 217
A194: Apr | B194: 92 | D194: 161 | E194: 78 | G194: 7 | J194: 5 | L194: 343
A195: May | B195: 54 | D195: 104 | E195: 81 | F195: 60 | H195: 7 | L195: 306
A196: Jun | B196: 123 | D196: 113 | E196: 87 | F196: 28 | H196: 19 | L196: 370
A197: Jul | B197: 128 | D197: 88 | E197: 72 | I197: 12 | J197: 10 | K197: 87 | L197: 397
A198: Aug | B198: 57 | E198: 22 | J198: 15 | K198: 34 | L198: 128
A199: Grand Total | B199: 496 | C199: 33 | D199: 466 | E199: 457 | F199: 123 | G199: 7 | H199: 26 | I199: 12 | J199: 30 | K199: 121 | L199: 1771

Sheet OVERALL
A1: OVERALL
A3: DONE AUDIT | B3: TOTAL | F3: 2022 | J3: 2023 | N3: 2024 | R3: 2025
B4: TASK COUNT | C4: WO COUNT | D4: MANHOURS | E4: WO COST | F4: TASK COUNT | G4: WO COUNT | H4: MANHOURS | I4: WO COST | J4: TASK COUNT | K4: WO COUNT | L4: MANHOURS | M4: WO COST | N4: TASK COUNT | O4: WO COUNT | P4: MANHOURS | Q4: WO COST | R4: TASK COUNT | S4: WO COUNT | T4: MANHOURS | U4: WO COST
A5: QI | B5: =SUM(B6:B15) -> 1771 | C5: =SUM(C6:C15) -> 335 | D5: =SUM(D6:D15) -> 80630.63 | E5: =SUM(E6:E15) -> 1.9225248e+08 | F5: =SUM(F6:F15) -> 41 | G5: =SUM(G6:G15) -> 8 | H5: =SUM(H6:H15) -> 1019.45 | I5: =SUM(I6:I15) -> 1998059.5 | ... U5: =SUM(U6:U15) -> 62221657
A6: AGD | B6: =SUM(F6,J6,N6,R6) -> 502 | C6: =SUM(G6,K6,O6,S6) -> 87 | D6: =SUM(H6,L6,P6,T6) -> 18491.35 | E6: =SUM(I6,M6,Q6,U6) -> 52395103 | F6: 3 | G6: 1 | H6: 29.78 | I6: 34738.53 | J6: 62 | K6: 12 | L6: 1882.1 | M6: 4846536.1 | N6: 155 | O6: 33 | P6: 7060.28 | Q6: 14305080 | R6: 282 | S6: 41 | T6: 9519.19 | U6: 33208749
A7: CMR | B7: =SUM(F7,J7,N7,R7) -> 33 | C7: =SUM(G7,K7,O7,S7) -> 4 | D7: =SUM(H7,L7,P7,T7) -> 1134.7 | E7: =SUM(I7,M7,Q7,U7) -> 3146456 | N7: 33 | O7: 4 | P7: 1134.7 | Q7: 3146456
A8: ECI | B8: =SUM(F8,J8,N8,R8) -> 460 | C8: =SUM(G8,K8,O8,S8) -> 109 | D8: =SUM(H8,L8,P8,T8) -> 26904.64 | E8: =SUM(I8,M8,Q8,U8) -> 52355708 | F8: 10 | G8: 2 | H8: 318.88 | I8: 591897.58 | J8: 25 | K8: 5 | L8: 552.72 | M8: 1918842 | N8: 269 | O8: 66 | P8: 20309.1 | Q8: 27937069 | R8: 156 | S8: 36 | T8: 5723.94 | U8: 21907899
A9: RAC | B9: =SUM(F9,J9,N9,R9) -> 457 | C9: =SUM(G9,K9,O9,S9) -> 77 | D9: =SUM(H9,L9,P9,T9) -> 14954.79 | E9: =SUM(I9,M9,Q9,U9) -> 54859030 | F9: 26 | G9: 3 | H9: 612.22 | I9: 1271902.5 | J9: 75 | K9: 15 | L9: 3033.47 | M9: 11218555 | N9: 338 | O9: 57 | P9: 10323.96 | Q9: 38982311 | R9: 18 | S9: 2 | T9: 985.14 | U9: 3386262
A10: RPR | B10: =SUM(F10,J10,N10,R10) -> 123 | C10: =SUM(G10,K10,O10,S10) -> 13 | D10: =SUM(H10,L10,P10,T10) -> 5901.65 | E10: =SUM(I10,M10,Q10,U10) -> 12241497 | F10: 1 | G10: 1 | H10: 42.07 | I10: 67459.32 | J10: 81 | K10: 9 | L10: 4458.66 | M10: 8389163.7 | N10: 38 | O10: 2 | P10: 1382 | Q10: 3641065.9 | R10: 3 | S10: 1 | T10: 18.92 | U10: 143807.71
A11: NCB | B11: =SUM(F11,J11,N11,R11) -> 7 | C11: =SUM(G11,K11,O11,S11) -> 3 | D11: =SUM(H11,L11,P11,T11) -> 145.83 | E11: =SUM(I11,M11,Q11,U11) -> 697025.13 | F11: 1 | G11: 1 | H11: 16.5 | I11: 32061.54 | N11: 6 | O11: 2 | P11: 129.33 | Q11: 664963.59
A12: GTO | B12: =SUM(F12,J12,N12,R12) -> 26 | C12: =SUM(G12,K12,O12,S12) -> 6 | D12: =SUM(H12,L12,P12,T12) -> 855.16 | E12: =SUM(I12,M12,Q12,U12) -> 4592210.8 | J12: 3 | K12: 1 | L12: 133.87 | M12: 577019.12 | N12: 23 | O12: 5 | P12: 721.29 | Q12: 4015191.7
A13: AVR | B13: =SUM(F13,J13,N13,R13) -> 12 | C13: =SUM(G13,K13,O13,S13) -> 4 | D13: =SUM(H13,L13,P13,T13) -> 99.39 | E13: =SUM(I13,M13,Q13,U13) -> 644070.71 | N13: 12 | O13: 4 | P13: 99.39 | Q13: 644070.71
A14: RLM | B14: =SUM(F14,J14,N14,R14) -> 30 | C14: =SUM(G14,K14,O14,S14) -> 13 | D14: =SUM(H14,L14,P14,T14) -> 1475.93 | E14: =SUM(I14,M14,Q14,U14) -> 1364723 | N14: 22 | O14: 9 | P14: 1348.06 | Q14: 1245923.5 | R14: 8 | S14: 4 | T14: 127.87 | U14: 118799.45
A15: RCL | B15: =SUM(F15,J15,N15,R15) -> 121 | C15: =SUM(G15,K15,O15,S15) -> 19 | D15: =SUM(H15,L15,P15,T15) -> 10667.19 | E15: =SUM(I15,M15,Q15,U15) -> 9956655.5 | J15: 60 | K15: 4 | L15: 1946.1 | M15: 3755659 | N15: 29 | O15: 9 | P15: 7742.89 | Q15: 2744856.8 | R15: 32 | S15: 6 | T15: 978.2 | U15: 3456139.8

Sheet OVERALL PIVOT 
A2: DONE AUDIT (PER QI)
A4: DONE AUDIT? | B4: YES
B6: Column Labels
B7: 2022 | F7: 2023 | J7: 2024 | N7: 2025 | R7: Total Sum of TASK COUNT | S7: Total Count of WO | T7: Total Sum of TOTAL MANHOURS | U7: Total Sum of TOTAL PLANNED PROJECT COST
A8: Row Labels | B8: Sum of TASK COUNT | C8: Count of WO | D8: Sum of TOTAL MANHOURS | E8: Sum of TOTAL PLANNED PROJECT COST | F8: Sum of TASK COUNT | G8: Count of WO | H8: Sum of TOTAL MANHOURS | I8: Sum of TOTAL PLANNED PROJECT COST | J8: Sum of TASK COUNT | K8: Count of WO | L8: Sum of TOTAL MANHOURS | M8: Sum of TOTAL PLANNED PROJECT COST | N8: Sum of TASK COUNT | O8: Count of WO | P8: Sum of TOTAL MANHOURS | Q8: Sum of TOTAL PLANNED PROJECT COST
A9: AGD | B9: 3 | C9: 1 | D9: 29.78 | E9: 34738.53 | F9: 62 | G9: 12 | H9: 1882.1 | I9: 4846536.1 | J9: 149 | K9: 32 | L9: 6095.56 | M9: 11534723 | N9: 282 | O9: 41 | P9: 9519.19 | Q9: 33208749 | R9: 496 | S9: 86 | T9: 17526.63 | U9: 49624746
A10: CMR | J10: 33 | K10: 4 | L10: 1134.7 | M10: 3146456 | R10: 33 | S10: 4 | T10: 1134.7 | U10: 3146456
A11: ECI | B11: 10 | C11: 2 | D11: 318.88 | E11: 591897.58 | F11: 25 | G11: 5 | H11: 552.72 | I11: 1918842 | J11: 275 | K11: 67 | L11: 21273.82 | M11: 30707426 | N11: 156 | O11: 36 | P11: 5723.94 | Q11: 21907899 | R11: 466 | S11: 110 | T11: 27869.36 | U11: 55126065
A12: RAC | B12: 26 | C12: 3 | D12: 612.22 | E12: 1271902.5 | F12: 75 | G12: 15 | H12: 3033.47 | I12: 11218555 | J12: 338 | K12: 57 | L12: 10323.96 | M12: 38982311 | N12: 18 | O12: 2 | P12: 985.14 | Q12: 3386262 | R12: 457 | S12: 77 | T12: 14954.79 | U12: 54859030
A13: RPR | B13: 1 | C13: 1 | D13: 42.07 | E13: 67459.32 | F13: 81 | G13: 9 | H13: 4458.66 | I13: 8389163.7 | J13: 38 | K13: 2 | L13: 1382 | M13: 3641065.9 | N13: 3 | O13: 1 | P13: 18.92 | Q13: 143807.71 | R13: 123 | S13: 13 | T13: 5901.65 | U13: 12241497
A14: NCB | B14: 1 | C14: 1 | D14: 16.5 | E14: 32061.54 | J14: 6 | K14: 2 | L14: 129.33 | M14: 664963.59 | R14: 7 | S14: 3 | T14: 145.83 | U14: 697025.13
A15: GTO | F15: 3 | G15: 1 | H15: 133.87 | I15: 577019.12 | J15: 23 | K15: 5 | L15: 721.29 | M15: 4015191.7 | R15: 26 | S15: 6 | T15: 855.16 | U15: 4592210.8
A16: AVR | J16: 12 | K16: 4 | L16: 99.39 | M16: 644070.71 | R16: 12 | S16: 4 | T16: 99.39 | U16: 644070.71
A17: RLM | J17: 22 | K17: 9 | L17: 1348.06 | M17: 1245923.5 | N17: 8 | O17: 6 | P17: 137.61 | Q17: 126920.59 | R17: 30 | S17: 15 | T17: 1485.67 | U17: 1372844.1
A18: RCL | F18: 60 | G18: 4 | H18: 1946.1 | I18: 3755659 | J18: 29 | K18: 9 | L18: 7742.89 | M18: 2744856.8 | N18: 32 | O18: 6 | P18: 978.2 | Q18: 3456139.8 | R18: 121 | S18: 19 | T18: 10667.19 | U18: 9956655.5
A19: Grand Total | B19: 41 | C19: 8 | D19: 1019.45 | E19: 1998059.5 | F19: 306 | G19: 46 | H19: 12006.92 | I19: 30705775 | J19: 925 | K19: 191 | L19: 50251 | M19: 97326987 | N19: 499 | O19: 92 | P19: 17363 | Q19: 62229778 | R19: 1771 | S19: 337 | T19: 80640.37 | U19: 1.922606e+08

Sheet PIVOT
A2: DONE AUDIT (PER QI)
A4: DONE AUDIT? | B4: YES
B6: Column Labels
B7: 2022 | E7: 2023 | H7: 2024 | K7: 2025 | N7: Total Count of WO | O7: Total Sum of TOTAL PLANNED PROJECT COST | P7: Total Sum of TOTAL MANHOURS
A8: Row Labels | B8: Count of WO | C8: Sum of TOTAL PLANNED PROJECT COST | D8: Sum of TOTAL MANHOURS | E8: Count of WO | F8: Sum of TOTAL PLANNED PROJECT COST | G8: Sum of TOTAL MANHOURS | H8: Count of WO | I8: Sum of TOTAL PLANNED PROJECT COST | J8: Sum of TOTAL MANHOURS | K8: Count of WO | L8: Sum of TOTAL PLANNED PROJECT COST | M8: Sum of TOTAL MANHOURS
A9: AGD | B9: 1 | C9: 34738.53 | D9: 29.78 | E9: 8 | F9: 2077407.8 | G9: 778.63 | H9: 26 | I9: 9851768.7 | J9: 5031.99 | K9: 40 | L9: 33165667 | M9: 9469.06 | N9: 75 | O9: 45129582 | P9: 15309.46
A10: CMR | H10: 4 | I10: 3146456 | J10: 1134.7 | N10: 4 | O10: 3146456 | P10: 1134.7
A11: ECI | B11: 2 | C11: 591897.58 | D11: 318.88 | E11: 4 | F11: 1401149.4 | G11: 420.55 | H11: 66 | I11: 28762756 | J11: 20309.1 | K11: 36 | L11: 21907899 | M11: 5723.94 | N11: 108 | O11: 52663702 | P11: 26772.47
A12: RAC | B12: 2 | C12: 605075.74 | D12: 403.12 | E12: 12 | F12: 7797982.2 | G12: 2215.45 | H12: 52 | I12: 34383847 | J12: 9399.04 | K12: 2 | L12: 3386262 | M12: 985.14 | N12: 68 | O12: 46173167 | P12: 13002.75
A13: RPR | B13: 1 | C13: 67459.32 | D13: 42.07 | E13: 9 | F13: 8389163.7 | G13: 4458.66 | H13: 2 | I13: 3641065.9 | J13: 1382 | K13: 1 | L13: 143807.71 | M13: 18.92 | N13: 13 | O13: 12241497 | P13: 5901.65
A14: NCB | B14: 1 | C14: 32061.54 | D14: 16.5 | H14: 2 | I14: 664963.59 | J14: 129.33 | N14: 3 | O14: 697025.13 | P14: 145.83
A15: GTO | E15: 1 | F15: 577019.12 | G15: 133.87 | H15: 5 | I15: 4015191.7 | J15: 721.29 | N15: 6 | O15: 4592210.8 | P15: 855.16
A16: AVR | H16: 1 | I16: 29912.22 | J16: 5.55 | N16: 1 | O16: 29912.22 | P16: 5.55
A17: RLM | H17: 3 | I17: 763970.61 | J17: 1095.3 | K17: 1 | L17: 73744.25 | M17: 72.21 | N17: 4 | O17: 837714.86 | P17: 1167.51
A18: RCL | H18: 5 | I18: 2151663.4 | J18: 4823.6 | K18: 6 | L18: 3456139.8 | M18: 978.2 | N18: 11 | O18: 5607803.2 | P18: 5801.8
A19: Grand Total | B19: 7 | C19: 1331232.7 | D19: 810.35 | E19: 34 | F19: 20242722 | G19: 8007.16 | H19: 166 | I19: 87411595 | J19: 44031.9 | K19: 86 | L19: 62133520 | M19: 17247.47 | N19: 293 | O19: 1.7111907e+08 | P19: 70096.88
A23: DONE AUDIT (PER VENDOR)
A25: DONE AUDIT? | B25: YES
B27: Column Labels
B28: 2022 | E28: 2023 | H28: 2024 | K28: 2025 | N28: Total Count of WO | O28: Total Sum of TOTAL PLANNED PROJECT COST | P28: Total Sum of TOTAL MANHOURS
A29: Row Labels | B29: Count of WO | C29: Sum of TOTAL PLANNED PROJECT COST | D29: Sum of TOTAL MANHOURS | E29: Count of WO | F29: Sum of TOTAL PLANNED PROJECT COST | G29: Sum of TOTAL MANHOURS | H29: Count of WO | I29: Sum of TOTAL PLANNED PROJECT COST | J29: Sum of TOTAL MANHOURS | K29: Count of WO | L29: Sum of TOTAL PLANNED PROJECT COST | M29: Sum of TOTAL MANHOURS
A30: AVECO | B30: 2 | C30: 76769.54 | D30: 73.25 | E30: 9 | F30: 7836341.5 | G30: 3378.7 | H30: 13 | I30: 7533606.8 | J30: 2475.4 | K30: 7 | L30: 9198275.7 | M30: 3664.99 | N30: 31 | O30: 24644994 | P30: 9592.34
A31: CHALLENGER | B31: 1 | C31: 67459.32 | D31: 42.07 | E31: 15 | F31: 7129812.1 | G31: 3138.39 | H31: 52 | I31: 35253945 | J31: 10652.55 | K31: 39 | L31: 30209927 | M31: 7380.58 | N31: 107 | O31: 72661143 | P31: 21213.59
A32: ECOM | H32: 30 | I32: 12086561 | J32: 3446.11 | K32: 13 | L32: 8494851.7 | M32: 2085.45 | N32: 43 | O32: 20581413 | P32: 5531.56
A33: POWERHOUSE | B33: 4 | C33: 1187003.9 | D33: 695.03 | E33: 8 | F33: 4784378.8 | G33: 1349.67 | H33: 27 | I33: 12825008 | J33: 2697.34 | K33: 3 | L33: 911441.09 | M33: 177.11 | N33: 42 | O33: 19707832 | P33: 4919.15
A34: VJC | E34: 2 | F34: 492189.74 | G34: 140.4 | H34: 44 | I34: 19712473 | J34: 24760.5 | K34: 23 | L34: 13175217 | M34: 3920.42 | N34: 69 | O34: 33379880 | P34: 28821.32
A35: MAINTENANCE | K35: 1 | L35: 143807.71 | M35: 18.92 | N35: 1 | O35: 143807.71 | P35: 18.92
A36: Grand Total | B36: 7 | C36: 1331232.7 | D36: 810.35 | E36: 34 | F36: 20242722 | G36: 8007.16 | H36: 166 | I36: 87411595 | J36: 44031.9 | K36: 86 | L36: 62133520 | M36: 17247.47 | N36: 293 | O36: 1.7111907e+08 | P36: 70096.88
A43: ONGOING AUDIT
A45: DONE AUDIT? | B45: NO
A46: Date IR given to QI | B46: (Multiple Items)
B48: Column Labels
B49: 2022 | E49: 2023 | H49: 2024 | K49: 2025 | N49: #N/A | Q49: Total Count of WO | R49: Total Sum of TOTAL PLANNED PROJECT COST | S49: Total Sum of TOTAL MANHOURS
A50: Row Labels | B50: Count of WO | C50: Sum of TOTAL PLANNED PROJECT COST | D50: Sum of TOTAL MANHOURS | E50: Count of WO | F50: Sum of TOTAL PLANNED PROJECT COST | G50: Sum of TOTAL MANHOURS | H50: Count of WO | I50: Sum of TOTAL PLANNED PROJECT COST | J50: Sum of TOTAL MANHOURS | K50: Count of WO | L50: Sum of TOTAL PLANNED PROJECT COST | M50: Sum of TOTAL MANHOURS | N50: Count of WO | O50: Sum of TOTAL PLANNED PROJECT COST | P50: Sum of TOTAL MANHOURS
A51: AGD | B51: 3 | C51: 1951165.4 | D51: 1032.92 | E51: 4 | F51: 2663213.3 | G51: 507.65 | H51: 13 | I51: 7687880 | J51: 6387.84 | K51: 2 | L51: 1045487 | M51: 316.55 | Q51: 22 | R51: 13347746 | S51: 8244.96
A52: ECI | B52: 1 | C52: 446398.79 | D52: 225.67 | E52: 6 | F52: 4878330.7 | G52: 1748.52 | H52: 19 | I52: 9474408.9 | J52: 7993.11 | K52: 5 | L52: 4912879.9 | M52: 3299.55 | Q52: 31 | R52: 19712018 | S52: 13266.85
A53: RAC | B53: 1 | C53: 665097.66 | D53: 138.87 | H53: 1 | I53: 528001.63 | J53: 153.45 | Q53: 2 | R53: 1193099.3 | S53: 292.32
A54: (blank) | H54: 2 | I54: 71739.71 | J54: 39.22 | K54: 13 | L54: 6093393.3 | M54: 1448 | N54: 1 | O54: #N/A | P54: #N/A | Q54: 16 | R54: #N/A | S54: #N/A
A55: C/O SIR IAN | E55: 5 | F55: 4356648.8 | G55: 1972.28 | Q55: 5 | R55: 4356648.8 | S55: 1972.28
A56: C/O JGR | E56: 1 | F56: 253538.45 | G56: 80.47 | H56: 2 | I56: 1764856.8 | J56: 619.48 | Q56: 3 | R56: 2018395.3 | S56: 699.95
A57: C/O SIR JIM | E57: 1 | F57: 1284849.3 | G57: 676.62 | H57: 1 | I57: 3209466.1 | J57: 753.73 | Q57: 2 | R57: 4494315.4 | S57: 1430.35
A58: C/O C2 | E58: 1 | F58: 5508294.5 | G58: 2860.77 | H58: 1 | I58: 5080118.2 | J58: 2761.52 | Q58: 2 | R58: 10588413 | S58: 5622.29
A59: GTO | H59: 4 | I59: 1491647.4 | J59: 389.7 | Q59: 4 | R59: 1491647.4 | S59: 389.7
A60: C/O SIR EM | B60: 1 | C60: 451692.62 | D60: 182.77 | E60: 1 | F60: 2471422.7 | G60: 1334.73 | Q60: 2 | R60: 2923115.3 | S60: 1517.5
A61: RCL | H61: 1 | I61: 512106.52 | J61: 964.72 | Q61: 1 | R61: 512106.52 | S61: 964.72
A62: Grand Total | B62: 6 | C62: 3514354.4 | D62: 1580.23 | E62: 19 | F62: 21416298 | G62: 9181.04 | H62: 44 | I62: 29820225 | J62: 20062.77 | K62: 20 | L62: 12051760 | M62: 5064.1 | N62: 1 | O62: #N/A | P62: #N/A | Q62: 90 | R62: #N/A | S62: #N/A

Sheet SUPV
A1: ME185130 | B1: JEMUEL PERALTA
A2: ME168168 | B2: CRIS EMMANUEL GUEVARRA
A3: ME168443 | B3: DEAN CARL BORJAL
A4: ME194579 | B4: IAN PATRICK PEREZ
A5: ME188111 | B5: JUSTINE RAMOS
A6: ME166067 | B6: ISAN CARLO LAZARO
A7: ME173899 | B7: JUNILO MICHAEL FLORES
A8: ME189046 | B8: REYZON MATIENZO
A9: ME177199 | B9: MARC JOSEPH FERRER
A10: ME155242 | B10: RONILO JR GANGE
A11: ME185284 | B11: JENNETH MADRID
A12: ME184184 | B12: JASPER BASTASA
A13: ME154981 | B13: FRANCIS MARC SANTOS

Sheet New
A1: Date received from QI (Done Audit) | B1: (All) | F1: March | G1: April | H1: May | I1: June | M1: Mar Wk 1 | N1: Mar Wk 2 | O1: Mar Wk 3 | P1: Mar Wk 4 | Q1: Mar Wk 5 | R1: Apr Wk 1 | S1: Apr Wk 2 | T1: Apr Wk 3 | U1: Apr Wk 4 | V1: May Wk 1 | W1: May Wk 2 | X1: May Wk 3 | Y1: May Wk 4 | Z1: Jun Wk1 | AA1: Jun Wk2 | AB1: Jun Wk3 | AC1: Jun Wk4 | AG1: 45717 | AH1: 45718 | AI1: 45719 | AJ1: 45720 | AK1: 45721 | AL1: 45722 | AM1: 45723 | AN1: 45724 | AO1: 45725 | AP1: 45726 | AQ1: 45727 | AR1: 45728 | AS1: 45729 | AT1: 45730 | AU1: 45731 | AV1: 45732 | AW1: 45733 | AX1: 45734 | AY1: 45735 | AZ1: 45736 | BA1: 45737 | BB1: 45738 | BC1: 45739 | BD1: 45740 | BE1: 45741 | BF1: 45742 | BG1: 45743 | BH1: 45744 | BI1: 45745 | BJ1: 45746 | BK1: 45747 | BL1: 45748 | BM1: 45749 | BN1: 45750 | BO1: 45751 | BP1: 45752 | BQ1: 45753 | BR1: 45754 | BS1: 45755 | BT1: 45756 | BU1: 45757 | BV1: 45758 | BW1: 45759 | BX1: 45760 | BY1: 45761 | BZ1: 45762 | CA1: 45763 | CB1: 45764 | CC1: 45765 | CD1: 45766 | CE1: 45767 | CF1: 45768 | CG1: 45769 | CH1: 45770 | CI1: 45771 | CJ1: 45772 | CK1: 45773 | CL1: 45774 | CM1: 45775 | CN1: 45776 | CO1: 45777 | CP1: 45778 | CQ1: 45779 | CR1: 45780 | CS1: 45781 | CT1: 45782 | CU1: 45783 | CV1: 45784 | CW1: 45785 | CX1: 45786 | CY1: 45787 | CZ1: 45788 | DA1: 45789 | DB1: 45790 | DC1: 45791 | DD1: 45792 | DE1: 45793 | DF1: 45794 | DG1: 45795 | DH1: 45796 | DI1: 45797 | DJ1: 45798 | DK1: 45799 | DL1: 45800 | DM1: 45801 | DN1: 45802 | DO1: 45803 | DP1: 45804 | DQ1: 45805 | DR1: 45806 | DS1: 45807 | DT1: 45808 | DU1: 45809 | DV1: 45810 | DW1: 45811 | DX1: 45812 | DY1: 45813 | DZ1: 45814 | EA1: 45815 | EB1: 45816 | EC1: 45817 | ED1: 45818 | EE1: 45819 | EF1: 45820 | EG1: 45821 | EH1: 45822 | EI1: 45823 | EJ1: 45824 | EK1: 45825 | EL1: 45826 | EM1: 45827 | EN1: 45828 | EO1: 45829 | EP1: 45830 | EQ1: 45831 | ER1: 45832 | ES1: 45833 | ET1: 45834 | EU1: 45835 | EV1: 45836 | EW1: 45837 | EX1: 45838
A2: DONE AUDIT? | B2: (All) | AG2: Sat | AH2: Sun | AI2: Mon | AJ2: Tue | AK2: Wed | AL2: Thu | AM2: Fri | AN2: Sat | AO2: Sun | AP2: Mon | AQ2: Tue | AR2: Wed | AS2: Thu | AT2: Fri | AU2: Sat | AV2: Sun | AW2: Mon | AX2: Tue | AY2: Wed | AZ2: Thu | BA2: Fri | BB2: Sat | BC2: Sun | BD2: Mon | BE2: Tue | BF2: Wed | BG2: Thu | BH2: Fri | BI2: Sat | BJ2: Sun | BK2: Mon | BL2: Tue | BM2: Wed | BN2: Thu | BO2: Fri | BP2: Sat | BQ2: Sun | BR2: Mon | BS2: Tue | BT2: Wed | BU2: Thu | BV2: Fri | BW2: Sat | BX2: Sun | BY2: Mon | BZ2: Tue | CA2: Wed | CB2: Thu | CC2: Fri | CD2: Sat | CE2: Sun | CF2: Mon | CG2: Tue | CH2: Wed | CI2: Thu | CJ2: Fri | CK2: Sat | CL2: Sun | CM2: Mon | CN2: Tue | CO2: Wed | CP2: Thu | CQ2: Fri | CR2: Sat | CS2: Sun | CT2: Mon | CU2: Tue | CV2: Wed | CW2: Thu | CX2: Fri | CY2: Sat | CZ2: Sun | DA2: Mon | DB2: Tue | DC2: Wed | DD2: Thu | DE2: Fri | DF2: Sat | DG2: Sun | DH2: Mon | DI2: Tue | DJ2: Wed | DK2: Thu | DL2: Fri | DM2: Sat | DN2: Sun | DO2: Mon | DP2: Tue | DQ2: Wed | DR2: Thu | DS2: Fri | DT2: Sat | DU2: Sun | DV2: Mon | DW2: Tue | DX2: Wed | DY2: Thu | DZ2: Fri | EA2: Sat | EB2: Sun | EC2: Mon | ED2: Tue | EE2: Wed | EF2: Thu | EG2: Fri | EH2: Sat | EI2: Sun | EJ2: Mon | EK2: Tue | EL2: Wed | EM2: Thu | EN2: Fri | EO2: Sat | EP2: Sun | EQ2: Mon | ER2: Tue | ES2: Wed | ET2: Thu | EU2: Fri | EV2: Sat | EW2: Sun | EX2: Mon
E3: Daisog | F3: =SUM(AG3:BK3) -> 13 | G3: =SUM(BL3:CO3) -> 26 | H3: =SUM(CP3:DS3) -> 2 | I3: =SUM(DU3:EX3) -> 7 | M3: =SUM(AG3:AN3) -> 0 | N3: =SUM(AO3:AU3) -> 0 | O3: =SUM(AV3:BB3) -> 1 | P3: =SUM(BC3:BI3) -> 9 | Q3: =SUM(BJ3:BP3) -> 7 | R3: =SUM(BQ3:BW3) -> 3 | S3: =SUM(BX3:CD3) -> 3 | T3: =SUM(CE3:CK3) -> 7 | U3: =SUM(CL3:CR3) -> 9 | V3: =SUM(CS3:CY3) -> 2 | W3: =SUM(CZ3:DF3) -> 0 | X3: =SUM(DG3:DM3) -> 0 | Y3: =SUM(DN3:DT3) -> 0 | Z3: =SUM(DU3:EA3) -> 7 | AA3: =SUM(EB3:EH3) -> 0 | AB3: =SUM(EI3:EO3) -> 0 | AC3: =SUM(EP3:EV3) -> 0 | BA3: 1 | BD3: 1 | BE3: 2 | BG3: 4 | BH3: 2 | BK3: 3 | BM3: 1 | BN3: 3 | BS3: 2 | BT3: 1 | BY3: 2 | BZ3: 1 | CG3: 5 | CI3: 2 | CM3: 3 | CN3: 3 | CO3: 3 | CT3: 2 | DV3: 7 | DW3: 0
A4: Row Labels | B4: Count of WO | E4: Ignacio | F4: =SUM(AG4:BK4) -> 0 | G4: =SUM(BL4:CO4) -> 37 | H4: =SUM(CP4:DS4) -> 0 | I4: =SUM(DU4:EX4) -> 17 | M4: =SUM(AG4:AN4) -> 0 | N4: =SUM(AO4:AU4) -> 0 | O4: =SUM(AV4:BB4) -> 0 | P4: =SUM(BC4:BI4) -> 0 | Q4: =SUM(BJ4:BP4) -> 6 | R4: =SUM(BQ4:BW4) -> 13 | S4: =SUM(BX4:CD4) -> 3 | T4: =SUM(CE4:CK4) -> 15 | U4: =SUM(CL4:CR4) -> 0 | V4: =SUM(CS4:CY4) -> 0 | W4: =SUM(CZ4:DF4) -> 0 | X4: =SUM(DG4:DM4) -> 0 | Y4: =SUM(DN4:DT4) -> 0 | Z4: =SUM(DU4:EA4) -> 17 | AA4: =SUM(EB4:EH4) -> 0 | AB4: =SUM(EI4:EO4) -> 0 | AC4: =SUM(EP4:EV4) -> 0 | BL4: 3 | BM4: 3 | BS4: 9 | BT4: 4 | BY4: 3 | CG4: 5 | CH4: 9 | CI4: 1 | DW4: 17
A5: AGD | B5: 111 | E5: Moralde | F5: =SUM(AG5:BK5) -> 0 | G5: =SUM(BL5:CO5) -> 0 | H5: =SUM(CP5:DS5) -> 0 | I5: =SUM(DU5:EX5) -> 7 | M5: =SUM(AG5:AN5) -> 0 | N5: =SUM(AO5:AU5) -> 0 | O5: =SUM(AV5:BB5) -> 0 | P5: =SUM(BC5:BI5) -> 0 | Q5: =SUM(BJ5:BP5) -> 0 | R5: =SUM(BQ5:BW5) -> 0 | S5: =SUM(BX5:CD5) -> 0 | T5: =SUM(CE5:CK5) -> 0 | U5: =SUM(CL5:CR5) -> 0 | V5: =SUM(CS5:CY5) -> 0 | W5: =SUM(CZ5:DF5) -> 0 | X5: =SUM(DG5:DM5) -> 0 | Y5: =SUM(DN5:DT5) -> 0 | Z5: =SUM(DU5:EA5) -> 7 | AA5: =SUM(EB5:EH5) -> 0 | AB5: =SUM(EI5:EO5) -> 0 | AC5: =SUM(EP5:EV5) -> 0 | DW5: 7
A6: C/O C2 | B6: 2 | E6: CMR | F6: =SUM(AG6:BK6) -> 3 | G6: =SUM(BL6:CO6) -> 0 | H6: =SUM(CP6:DS6) -> 0 | I6: =SUM(DU6:EX6) -> 0 | M6: =SUM(AG6:AN6) -> 3 | N6: =SUM(AO6:AU6) -> 0 | O6: =SUM(AV6:BB6) -> 0 | P6: =SUM(BC6:BI6) -> 0 | Q6: =SUM(BJ6:BP6) -> 0 | R6: =SUM(BQ6:BW6) -> 0 | S6: =SUM(BX6:CD6) -> 0 | T6: =SUM(CE6:CK6) -> 0 | U6: =SUM(CL6:CR6) -> 0 | V6: =SUM(CS6:CY6) -> 0 | W6: =SUM(CZ6:DF6) -> 0 | X6: =SUM(DG6:DM6) -> 0 | Y6: =SUM(DN6:DT6) -> 0 | Z6: =SUM(DU6:EA6) -> 0 | AA6: =SUM(EB6:EH6) -> 0 | AB6: =SUM(EI6:EO6) -> 0 | AC6: =SUM(EP6:EV6) -> 0 | AM6: 3
A7: C/O JGR | B7: 3 | E7: Cruz | F7: =SUM(AG7:BK7) -> 23 | G7: =SUM(BL7:CO7) -> 7 | H7: =SUM(CP7:DS7) -> 1 | I7: =SUM(DU7:EX7) -> 0 | M7: =SUM(AG7:AN7) -> 4 | N7: =SUM(AO7:AU7) -> 4 | O7: =SUM(AV7:BB7) -> 6 | P7: =SUM(BC7:BI7) -> 4 | Q7: =SUM(BJ7:BP7) -> 5 | R7: =SUM(BQ7:BW7) -> 2 | S7: =SUM(BX7:CD7) -> 0 | T7: =SUM(CE7:CK7) -> 2 | U7: =SUM(CL7:CR7) -> 3 | V7: =SUM(CS7:CY7) -> 1 | W7: =SUM(CZ7:DF7) -> 0 | X7: =SUM(DG7:DM7) -> 0 | Y7: =SUM(DN7:DT7) -> 0 | Z7: =SUM(DU7:EA7) -> 0 | AA7: =SUM(EB7:EH7) -> 0 | AB7: =SUM(EI7:EO7) -> 0 | AC7: =SUM(EP7:EV7) -> 0 | AM7: 4 | AQ7: 4 | AV7: 1 | AW7: 5 | BF7: 3 | BG7: 1 | BJ7: 3 | BK7: 2 | BQ7: 2 | CF7: 2 | CM7: 1 | CN7: 2 | CU7: 1
A8: C/O SIR IAN | B8: 5 | E8: RPR | F8: =SUM(AG8:BK8) -> 5 | G8: =SUM(BL8:CO8) -> 2 | H8: =SUM(CP8:DS8) -> 1 | I8: =SUM(DU8:EX8) -> 0 | M8: =SUM(AG8:AN8) -> 0 | N8: =SUM(AO8:AU8) -> 0 | O8: =SUM(AV8:BB8) -> 0 | P8: =SUM(BC8:BI8) -> 5 | Q8: =SUM(BJ8:BP8) -> 0 | R8: =SUM(BQ8:BW8) -> 0 | S8: =SUM(BX8:CD8) -> 0 | T8: =SUM(CE8:CK8) -> 2 | U8: =SUM(CL8:CR8) -> 0 | V8: =SUM(CS8:CY8) -> 1 | W8: =SUM(CZ8:DF8) -> 0 | X8: =SUM(DG8:DM8) -> 0 | Y8: =SUM(DN8:DT8) -> 0 | Z8: =SUM(DU8:EA8) -> 0 | AA8: =SUM(EB8:EH8) -> 0 | AB8: =SUM(EI8:EO8) -> 0 | AC8: =SUM(EP8:EV8) -> 0 | BG8: 5 | CG8: 2 | CT8: 1
A9: C/O SIR JIM | B9: 12 | E9: NCB | F9: =SUM(AG9:BK9) -> 0 | G9: =SUM(BL9:CO9) -> 0 | H9: =SUM(CP9:DS9) -> 0 | M9: =SUM(AG9:AN9) -> 0 | N9: =SUM(AO9:AU9) -> 0 | O9: =SUM(AV9:BB9) -> 0 | P9: =SUM(BC9:BI9) -> 0 | Q9: =SUM(BJ9:BP9) -> 0 | R9: =SUM(BQ9:BW9) -> 0 | S9: =SUM(BX9:CD9) -> 0 | T9: =SUM(CE9:CK9) -> 0 | U9: =SUM(CL9:CR9) -> 0 | V9: =SUM(CS9:CY9) -> 0 | W9: =SUM(CZ9:DF9) -> 0 | X9: =SUM(DG9:DM9) -> 0 | Y9: =SUM(DN9:DT9) -> 0
A10: CMR | B10: 4 | F10: =SUM(AG10:BK10) -> 0 | G10: =SUM(BL10:CO10) -> 0 | H10: =SUM(CP10:DS10) -> 0 | M10: =SUM(AG10:AN10) -> 0 | N10: =SUM(AO10:AU10) -> 0 | O10: =SUM(AV10:BB10) -> 0 | P10: =SUM(BC10:BI10) -> 0 | Q10: =SUM(BJ10:BP10) -> 0 | R10: =SUM(BQ10:BW10) -> 0 | S10: =SUM(BX10:CD10) -> 0 | T10: =SUM(CE10:CK10) -> 0 | U10: =SUM(CL10:CR10) -> 0 | V10: =SUM(CS10:CY10) -> 0 | W10: =SUM(CZ10:DF10) -> 0 | X10: =SUM(DG10:DM10) -> 0 | Y10: =SUM(DN10:DT10) -> 0
A11: ECI | B11: 183 | F11: =SUM(AG11:BK11) -> 0 | G11: =SUM(BL11:CO11) -> 0 | H11: =SUM(CP11:DS11) -> 0 | M11: =SUM(AG11:AN11) -> 0 | N11: =SUM(AO11:AU11) -> 0 | O11: =SUM(AV11:BB11) -> 0 | P11: =SUM(BC11:BI11) -> 0 | Q11: =SUM(BJ11:BP11) -> 0 | R11: =SUM(BQ11:BW11) -> 0 | S11: =SUM(BX11:CD11) -> 0 | T11: =SUM(CE11:CK11) -> 0 | U11: =SUM(CL11:CR11) -> 0 | V11: =SUM(CS11:CY11) -> 0 | W11: =SUM(CZ11:DF11) -> 0 | X11: =SUM(DG11:DM11) -> 0 | Y11: =SUM(DN11:DT11) -> 0
A12: NCB | B12: 3 | F12: =SUM(AG12:BK12) -> 0 | G12: =SUM(BL12:CO12) -> 0 | H12: =SUM(CP12:DS12) -> 0 | M12: =SUM(AG12:AN12) -> 0 | N12: =SUM(AO12:AU12) -> 0 | O12: =SUM(AV12:BB12) -> 0 | P12: =SUM(BC12:BI12) -> 0 | Q12: =SUM(BJ12:BP12) -> 0 | R12: =SUM(BQ12:BW12) -> 0 | S12: =SUM(BX12:CD12) -> 0 | T12: =SUM(CE12:CK12) -> 0 | U12: =SUM(CL12:CR12) -> 0 | V12: =SUM(CS12:CY12) -> 0 | W12: =SUM(CZ12:DF12) -> 0 | X12: =SUM(DG12:DM12) -> 0 | Y12: =SUM(DN12:DT12) -> 0
A13: RAC | B13: 80 | F13: =SUM(AG13:BK13) -> 0 | G13: =SUM(BL13:CO13) -> 0 | H13: =SUM(CP13:DS13) -> 0 | M13: =SUM(AG13:AN13) -> 0 | N13: =SUM(AO13:AU13) -> 0 | O13: =SUM(AV13:BB13) -> 0 | P13: =SUM(BC13:BI13) -> 0 | Q13: =SUM(BJ13:BP13) -> 0 | R13: =SUM(BQ13:BW13) -> 0 | S13: =SUM(BX13:CD13) -> 0 | T13: =SUM(CE13:CK13) -> 0 | U13: =SUM(CL13:CR13) -> 0 | V13: =SUM(CS13:CY13) -> 0 | W13: =SUM(CZ13:DF13) -> 0 | X13: =SUM(DG13:DM13) -> 0 | Y13: =SUM(DN13:DT13) -> 0
A14: RPR | B14: 13 | F14: =SUM(AG14:BK14) -> 0 | G14: =SUM(BL14:CO14) -> 0 | H14: =SUM(CP14:DS14) -> 0 | M14: =SUM(AG14:AN14) -> 0 | N14: =SUM(AO14:AU14) -> 0 | O14: =SUM(AV14:BB14) -> 0 | P14: =SUM(BC14:BI14) -> 0 | Q14: =SUM(BJ14:BP14) -> 0 | R14: =SUM(BQ14:BW14) -> 0 | S14: =SUM(BX14:CD14) -> 0 | T14: =SUM(CE14:CK14) -> 0 | U14: =SUM(CL14:CR14) -> 0 | V14: =SUM(CS14:CY14) -> 0 | W14: =SUM(CZ14:DF14) -> 0 | X14: =SUM(DG14:DM14) -> 0 | Y14: =SUM(DN14:DT14) -> 0
A15: (blank) | B15: 69 | F15: =SUM(AG15:BK15) -> 0 | G15: =SUM(BL15:CO15) -> 0 | H15: =SUM(CP15:DS15) -> 0 | M15: =SUM(AG15:AN15) -> 0 | N15: =SUM(AO15:AU15) -> 0 | O15: =SUM(AV15:BB15) -> 0 | P15: =SUM(BC15:BI15) -> 0 | Q15: =SUM(BJ15:BP15) -> 0 | R15: =SUM(BQ15:BW15) -> 0 | S15: =SUM(BX15:CD15) -> 0 | T15: =SUM(CE15:CK15) -> 0 | U15: =SUM(CL15:CR15) -> 0 | V15: =SUM(CS15:CY15) -> 0 | W15: =SUM(CZ15:DF15) -> 0 | X15: =SUM(DG15:DM15) -> 0 | Y15: =SUM(DN15:DT15) -> 0
A16: GTO | B16: 12 | F16: =SUM(AG16:BK16) -> 0 | G16: =SUM(BL16:CO16) -> 0 | H16: =SUM(CP16:DS16) -> 0 | M16: =SUM(AG16:AN16) -> 0 | N16: =SUM(AO16:AU16) -> 0 | O16: =SUM(AV16:BB16) -> 0 | P16: =SUM(BC16:BI16) -> 0 | Q16: =SUM(BJ16:BP16) -> 0 | R16: =SUM(BQ16:BW16) -> 0 | S16: =SUM(BX16:CD16) -> 0 | T16: =SUM(CE16:CK16) -> 0 | U16: =SUM(CL16:CR16) -> 0 | V16: =SUM(CS16:CY16) -> 0 | W16: =SUM(CZ16:DF16) -> 0 | X16: =SUM(DG16:DM16) -> 0 | Y16: =SUM(DN16:DT16) -> 0
A17: C/O SIR EM | B17: 2 | F17: =SUM(AG17:BK17) -> 0 | G17: =SUM(BL17:CO17) -> 0 | H17: =SUM(CP17:DS17) -> 0 | M17: =SUM(AG17:AN17) -> 0 | N17: =SUM(AO17:AU17) -> 0 | O17: =SUM(AV17:BB17) -> 0 | P17: =SUM(BC17:BI17) -> 0 | Q17: =SUM(BJ17:BP17) -> 0 | R17: =SUM(BQ17:BW17) -> 0 | S17: =SUM(BX17:CD17) -> 0 | T17: =SUM(CE17:CK17) -> 0 | U17: =SUM(CL17:CR17) -> 0 | V17: =SUM(CS17:CY17) -> 0 | W17: =SUM(CZ17:DF17) -> 0 | X17: =SUM(DG17:DM17) -> 0 | Y17: =SUM(DN17:DT17) -> 0
A18: AVR | B18: 4 | F18: =SUM(AG18:BK18) -> 0 | G18: =SUM(BL18:CO18) -> 0 | H18: =SUM(CP18:DS18) -> 0 | M18: =SUM(AG18:AN18) -> 0 | N18: =SUM(AO18:AU18) -> 0 | O18: =SUM(AV18:BB18) -> 0 | P18: =SUM(BC18:BI18) -> 0 | Q18: =SUM(BJ18:BP18) -> 0 | R18: =SUM(BQ18:BW18) -> 0 | S18: =SUM(BX18:CD18) -> 0 | T18: =SUM(CE18:CK18) -> 0 | U18: =SUM(CL18:CR18) -> 0 | V18: =SUM(CS18:CY18) -> 0 | W18: =SUM(CZ18:DF18) -> 0 | X18: =SUM(DG18:DM18) -> 0 | Y18: =SUM(DN18:DT18) -> 0
A19: RLM | B19: 38
A20: RCL | B20: 20 | E20: Actual | F20: =SUM(F3:F19) -> 44 | G20: =SUM(G3:G19) -> 72 | H20: =SUM(H3:H19) -> 4 | I20: =SUM(DU20:EX20) -> 31 | M20: =SUM(M3:M19) -> 7 | N20: =SUM(N3:N19) -> 4 | O20: =SUM(O3:O19) -> 7 | P20: =SUM(P3:P19) -> 18 | Q20: =SUM(Q3:Q19) -> 18 | R20: =SUM(R3:R19) -> 18 | S20: =SUM(S3:S19) -> 6 | T20: =SUM(T3:T19) -> 26 | ... Y20: =SUM(Y3:Y19) -> 0 | Z20: =SUM(DU20:EA20) -> 31 | AA20: =SUM(EB20:EH20) -> 0 | AB20: =SUM(EI20:EO20) -> 0 | AC20: =SUM(EP20:EV20) -> 0 | AG20: =SUM(AG3:AG19) -> 0 | AH20: =SUM(AH3:AH19) -> 0 | AI20: =SUM(AI3:AI19) -> 0 | AJ20: =SUM(AJ3:AJ19) -> 0 | AK20: =SUM(AK3:AK19) -> 0 | AL20: =SUM(AL3:AL19) -> 0 | AM20: =SUM(AM3:AM19) -> 7 | AN20: =SUM(AN3:AN19) -> 0 | ... EX20: =SUM(EX3:EX19) -> 0
B21: 1 | E21: Target | F21: =SUM(AG21:BK21) -> 147 | G21: =SUM(BL21:CO21) -> 154 | H21: =SUM(CP21:DT21) -> 154 | I21: =SUM(DU21:EX21) -> 735 | M21: =SUM(AG21:AN21) -> 35 | N21: =SUM(AO21:AU21) -> 35 | O21: =SUM(AV21:BB21) -> 35 | P21: =SUM(BC21:BI21) -> 35 | Q21: =SUM(BJ21:BP21) -> 35 | R21: =SUM(BQ21:BW21) -> 35 | S21: =SUM(BX21:CD21) -> 35 | T21: =SUM(CE21:CK21) -> 35 | U21: =SUM(CL21:CR21) -> 35 | V21: =SUM(CS21:CY21) -> 35 | W21: =SUM(CZ21:DF21) -> 35 | X21: =SUM(DG21:DM21) -> 35 | Y21: =SUM(DN21:DT21) -> 35 | Z21: =SUM(DU21:EA21) -> 175 | AA21: =SUM(EB21:EH21) -> 175 | AB21: =SUM(EI21:EO21) -> 175 | AC21: =SUM(EP21:EV21) -> 175 | AG21: 0 | AH21: 0 | AI21: 7 | AJ21: 7 | AK21: 7 | AL21: 7 | AM21: 7 | AN21: 0 | AO21: 0 | AP21: 7 | AQ21: 7 | AR21: 7 | AS21: 7 | AT21: 7 | AU21: 0 | AV21: 0 | AW21: 7 | AX21: 7 | AY21: 7 | AZ21: 7 | BA21: 7 | BB21: 0 | BC21: 0 | BD21: 7 | BE21: 7 | BF21: 7 | BG21: 7 | BH21: 7 | BI21: 0 | BJ21: 0 | BK21: 7 | BL21: 7 | BM21: 7 | BN21: 7 | BO21: 7 | BP21: 0 | BQ21: 0 | BR21: 7 | BS21: 7 | BT21: 7 | BU21: 7 | BV21: 7 | BW21: 0 | BX21: 0 | BY21: 7 | BZ21: 7 | CA21: 7 | CB21: 7 | CC21: 7 | CD21: 0 | CE21: 0 | CF21: 7 | CG21: 7 | CH21: 7 | CI21: 7 | CJ21: 7 | CK21: 0 | CL21: 0 | CM21: 7 | CN21: 7 | CO21: 7 | CP21: 7 | CQ21: 7 | CT21: 7 | CU21: 7 | CV21: 7 | CW21: 7 | CX21: 7 | DA21: 7 | DB21: 7 | DC21: 7 | DD21: 7 | DE21: 7 | DH21: 7 | DI21: 7 | DJ21: 7 | DK21: 7 | DL21: 7 | DO21: 7 | DP21: 7 | DQ21: 7 | DR21: 7 | DS21: 7 | DV21: 35 | DW21: 35 | DX21: 35 | DY21: 35 | DZ21: 35 | EC21: 35 | ED21: 35 | EE21: 35 | EF21: 35 | EG21: 35 | EJ21: 35 | EK21: 35 | EL21: 35 | EM21: 35 | EN21: 35 | EQ21: 35 | ER21: 35 | ES21: 35 | ET21: 35 | EU21: 35 | EX21: 35
A22: Grand Total | B22: 562 | E22: Remarks | DW22: Daisog APE
F40: March | G40: April | H40: May | I40: June | M40: Mar Wk 1 | N40: Mar Wk 2 | O40: Mar Wk 3 | P40: Mar Wk 4 | Q40: Mar Wk 5 | R40: Apr Wk 1 | S40: Apr Wk 2 | T40: Apr Wk 3 | U40: Apr Wk 4 | V40: May Wk 1 | W40: =W1 -> May Wk 2 | X40: =X1 -> May Wk 3 | Y40: =Y1 -> May Wk 4 | Z40: =Z1 -> Jun Wk1 | AA40: =AA1 -> Jun Wk2 | AB40: =AB1 -> Jun Wk3 | AC40: =AC1 -> Jun Wk4 | AG40: 45717 | AH40: 45718 | AI40: 45719 | AJ40: 45720 | AK40: 45721 | AL40: 45722 | AM40: 45723 | AN40: 45724 | AO40: 45725 | AP40: 45726 | AQ40: 45727 | AR40: 45728 | AS40: 45729 | AT40: 45730 | AU40: 45731 | AV40: 45732 | AW40: 45733 | AX40: 45734 | AY40: 45735 | AZ40: 45736 | BA40: 45737 | BB40: 45738 | BC40: 45739 | BD40: 45740 | BE40: 45741 | BF40: 45742 | BG40: 45743 | BH40: 45744 | BI40: 45745 | BJ40: 45746 | BK40: 45747 | BL40: 45748 | BM40: 45749 | BN40: 45750 | BO40: 45751 | BP40: 45752 | BQ40: 45753 | BR40: 45754 | BS40: 45755 | BT40: 45756 | BU40: 45757 | BV40: 45758 | BW40: 45759 | BX40: 45760 | BY40: 45761 | BZ40: 45762 | CA40: 45763 | CB40: 45764 | CC40: 45765 | CD40: 45766 | CE40: 45767 | CF40: 45768 | CG40: 45769 | CH40: 45770 | CI40: 45771 | CJ40: 45772 | CK40: 45773 | CL40: 45774 | CM40: 45775 | CN40: 45776 | CO40: 45777 | CP40: 45778 | CQ40: 45779 | CR40: 45780 | CS40: 45781 | CT40: 45782 | CU40: 45783 | CV40: 45784 | CW40: 45785 | CX40: 45786 | CY40: 45787 | CZ40: 45788 | DA40: 45789 | DB40: 45790 | DC40: 45791 | DD40: 45792 | DE40: 45793 | DF40: 45794 | DG40: 45795 | DH40: 45796 | DI40: 45797 | DJ40: 45798 | DK40: 45799 | DL40: 45800 | DM40: 45801 | DN40: 45802 | DO40: 45803 | DP40: 45804 | DQ40: 45805 | DR40: 45806 | DS40: 45807 | DT40: 45808 | DU40: 45809 | DV40: 45810 | DW40: 45811 | DX40: 45812 | DY40: 45813 | DZ40: 45814 | EA40: 45815 | EB40: 45816 | EC40: 45817 | ED40: 45818 | EE40: 45819 | EF40: 45820 | EG40: 45821 | EH40: 45822 | EI40: 45823 | EJ40: 45824 | EK40: 45825 | EL40: 45826 | EM40: 45827 | EN40: 45828 | EO40: 45829 | EP40: 45830 | EQ40: 45831 | ER40: 45832 | ES40: 45833 | ET40: 45834 | EU40: 45835 | EV40: 45836 | EW40: 45837 | EX40: 45838
AG41: Sat | AH41: Sun | AI41: Mon | AJ41: Tue | AK41: Wed | AL41: Thu | AM41: Fri | AN41: Sat | AO41: Sun | AP41: Mon | AQ41: Tue | AR41: Wed | AS41: Thu | AT41: Fri | AU41: Sat | AV41: Sun | AW41: Mon | AX41: Tue | AY41: Wed | AZ41: Thu | BA41: Fri | BB41: Sat | BC41: Sun | BD41: Mon | BE41: Tue | BF41: Wed | BG41: Thu | BH41: Fri | BI41: Sat | BJ41: Sun | BK41: Mon | BL41: Tue | BM41: Wed | BN41: Thu | BO41: Fri | BP41: Sat | BQ41: Sun | BR41: Mon | BS41: Tue | BT41: Wed | BU41: Thu | BV41: Fri | BW41: Sat | BX41: Sun | BY41: Mon | BZ41: Tue | CA41: Wed | CB41: Thu | CC41: Fri | CD41: Sat | CE41: Sun | CF41: Mon | CG41: Tue | CH41: Wed | CI41: Thu | CJ41: Fri | CK41: Sat | CL41: Sun | CM41: Mon | CN41: Tue | CO41: Wed | CP41: Thu | CQ41: Fri | CR41: Sat | CS41: Sun | CT41: Mon | CU41: Tue | CV41: Wed | CW41: Thu | CX41: Fri | CY41: Sat | CZ41: Sun | DA41: Mon | DB41: Tue | DC41: Wed | DD41: Thu | DE41: Fri | DF41: Sat | DG41: Sun | DH41: Mon | DI41: Tue | DJ41: Wed | DK41: Thu | DL41: Fri | DM41: Sat | DN41: Sun | DO41: Mon | DP41: Tue | DQ41: Wed | DR41: Thu | DS41: Fri | DT41: Sat | DU41: Sun | DV41: Mon | DW41: Tue | DX41: Wed | DY41: Thu | DZ41: Fri | EA41: Sat | EB41: Sun | EC41: Mon | ED41: Tue | EE41: Wed | EF41: Thu | EG41: Fri | EH41: Sat | EI41: Sun | EJ41: Mon | EK41: Tue | EL41: Wed | EM41: Thu | EN41: Fri | EO41: Sat | EP41: Sun | EQ41: Mon | ER41: Tue | ES41: Wed | ET41: Thu | EU41: Fri | EV41: Sat | EW41: Sun | EX41: Mon
